"Manufacturer part code","Long Description (used in Web & AMO)","Website Image Link 01","Website Image Link 02","Website Image Link 03","Website Image Link 04","Website Image Link 05","Website Image Link 06","Website Image Link 07","Website Image Link 08","Website Image Link 09","Website Image Link 10","Website Video Link"
"S84UKSB1001","Pride Mega Motion Elite 8","http://www.carecomobility.co.uk/products/mobility-scooters/travel-scooters/pride-mega-motion-elite-8-green.jpg","http://www.carecomobility.co.uk/products/mobility-scooters/travel-scooters/pride-mega-motion-elite-8-yellow.jpg",,,,,,,,,
"SPSTLITTLESTAR4","Sterling Little Star","http://www.carecomobility.co.uk/products/mobility-scooters/travel-scooters/sterling-little-star.jpg",,,,,,,,,,
"ECLIPSE","CareCo Eclipse","http://www.carecomobility.co.uk/products/mobility-scooters/travel-scooters/careco-eclipse-travel-scooter-01.jpg","http://www.carecomobility.co.uk/products/mobility-scooters/travel-scooters/careco-eclipse-travel-scooter-02.jpg",,,,,,,,,
"S84UKSB1001","Pride Go Go ES8","http://www.carecomobility.co.uk/products/mobility-scooters/travel-scooters/pride-go-go-es-8-travel-scooter-01.jpg","http://www.carecomobility.co.uk/products/mobility-scooters/travel-scooters/pride-go-go-es-8-travel-scooter-02.jpg","http://www.carecomobility.co.uk/products/mobility-scooters/travel-scooters/pride-go-go-es-8-travel-scooter-03.jpg","http://www.carecomobility.co.uk/products/mobility-scooters/travel-scooters/pride-go-go-es-8-travel-scooter-04.jpg",,,,,,,
"I-GO 12AMP","CareCo I-Go Traveller 12amp","http://www.carecomobility.co.uk/products/mobility-scooters/travel-scooters/careco-i-go-travel-scooter-01.jpg","http://www.carecomobility.co.uk/products/mobility-scooters/travel-scooters/careco-i-go-travel-scooter-02.jpg","http://www.carecomobility.co.uk/products/mobility-scooters/travel-scooters/careco-i-go-travel-scooter-03.jpg","http://www.carecomobility.co.uk/products/mobility-scooters/travel-scooters/careco-i-go-travel-scooter-04.jpg","http://www.carecomobility.co.uk/products/mobility-scooters/travel-scooters/careco-i-go-travel-scooter-05.jpg","http://www.carecomobility.co.uk/products/mobility-scooters/travel-scooters/careco-i-go-travel-scooter-06.jpg",,,,,
"MS023","Drive Kite 3","http://www.carecomobility.co.uk/products/mobility-scooters/travel-scooters/drive-kite-3-wheel-scooter-01.jpg","http://www.carecomobility.co.uk/products/mobility-scooters/travel-scooters/drive-kite-3-wheel-scooter-02.jpg",,,,,,,,,
"SCUK40EMULR12","Pride Go Go Elite Traveller 3","http://www.carecomobility.co.uk/products/mobility-scooters/travel-scooters/pride-go-go-elite-3-01.jpg","http://www.carecomobility.co.uk/products/mobility-scooters/travel-scooters/pride-go-go-elite-3-02.jpg","http://www.carecomobility.co.uk/products/mobility-scooters/travel-scooters/pride-go-go-elite-3-03.jpg","http://www.carecomobility.co.uk/products/mobility-scooters/travel-scooters/pride-go-go-elite-3-04.jpg","http://www.carecomobility.co.uk/products/mobility-scooters/travel-scooters/pride-go-go-elite-3-05.jpg","http://www.carecomobility.co.uk/products/mobility-scooters/travel-scooters/pride-go-go-elite-3-06.jpg",,,,,
"MS024","Drive Kite 4","http://www.carecomobility.co.uk/products/mobility-scooters/travel-scooters/drive-kite-4-wheel-scooter-01.jpg","http://www.carecomobility.co.uk/products/mobility-scooters/travel-scooters/drive-kite-4-wheel-scooter-02.jpg",,,,,,,,,
"SCUK40EMULR12","Pride Go Go Elite Traveller 4","http://www.carecomobility.co.uk/products/mobility-scooters/travel-scooters/pride-go-go-elite-traveller-4-01.jpg","http://www.carecomobility.co.uk/products/mobility-scooters/travel-scooters/pride-go-go-elite-traveller-4-02.jpg","http://www.carecomobility.co.uk/products/mobility-scooters/travel-scooters/pride-go-go-elite-traveller-4-03.jpg","http://www.carecomobility.co.uk/products/mobility-scooters/travel-scooters/pride-go-go-elite-traveller-4-04.jpg",,,,,,,
"I-GO 18AMP","CareCo I-Go Traveller 18amp","http://www.carecomobility.co.uk/products/mobility-scooters/travel-scooters/careco-i-go-travel-scooter-01.jpg","http://www.carecomobility.co.uk/products/mobility-scooters/travel-scooters/careco-i-go-travel-scooter-02.jpg","http://www.carecomobility.co.uk/products/mobility-scooters/travel-scooters/careco-i-go-travel-scooter-03.jpg","http://www.carecomobility.co.uk/products/mobility-scooters/travel-scooters/careco-i-go-travel-scooter-04.jpg","http://www.carecomobility.co.uk/products/mobility-scooters/travel-scooters/careco-i-go-travel-scooter-05.jpg","http://www.carecomobility.co.uk/products/mobility-scooters/travel-scooters/careco-i-go-travel-scooter-06.jpg",,,,,
"S787NA","Shoprider Whisper","http://www.carecomobility.co.uk/products/mobility-scooters/travel-scooters/roma-whisper-travel-scooter-01.jpg",,,,,,,,,,
"MS017","Drive Mercury Prism 3","http://www.carecomobility.co.uk/products/mobility-scooters/travel-scooters/drive-medical-prism-3-travel-scooter-02.jpg","http://www.carecomobility.co.uk/products/mobility-scooters/travel-scooters/drive-medical-prism-3-travel-scooter-01.jpg",,,,,,,,,
"SC44LXUKMR1001","Pride Go Go Elite Traveller LX 12amp","http://www.carecomobility.co.uk/products/mobility-scooters/travel-scooters/go-go-elite-traveller-lx-01.jpg","http://www.carecomobility.co.uk/products/mobility-scooters/travel-scooters/go-go-elite-traveller-lx-02.jpg","http://www.carecomobility.co.uk/products/mobility-scooters/travel-scooters/go-go-elite-traveller-lx-03.jpg","http://www.carecomobility.co.uk/products/mobility-scooters/travel-scooters/go-go-elite-traveller-lx-04.jpg","http://www.carecomobility.co.uk/products/mobility-scooters/travel-scooters/go-go-elite-traveller-lx-05.jpg",,,,,,
"PARTNERD","Rascal Partner Deluxe","http://www.carecomobility.co.uk/products/mobility-scooters/travel-scooters/rascal-partner-deluxe-mobility-scooter-01.jpg","http://www.carecomobility.co.uk/products/mobility-scooters/travel-scooters/rascal-partner-deluxe-mobility-scooter-02.jpg",,,,,,,,,
9280160,"Van Os Medical Boost","http://www.carecomobility.co.uk/products/mobility-scooters/travel-scooters/van-os-boost-01.jpg","http://www.carecomobility.co.uk/products/mobility-scooters/travel-scooters/van-os-boost-02.jpg",,,,,,,,,
"SC44LXUKMR1002","Pride Go Go Elite Traveller Plus 3","http://www.carecomobility.co.uk/products/mobility-scooters/travel-scooters/pride-elite-traveller-plus-3-01.jpg","http://www.carecomobility.co.uk/products/mobility-scooters/travel-scooters/pride-elite-traveller-plus-3-02.jpg",,,,,,,,,
"SC44LXUKMR1002","Pride Go Go Elite Traveller LX 17amp","http://www.carecomobility.co.uk/products/mobility-scooters/travel-scooters/go-go-elite-traveller-lx-01.jpg","http://www.carecomobility.co.uk/products/mobility-scooters/travel-scooters/go-go-elite-traveller-lx-02.jpg","http://www.carecomobility.co.uk/products/mobility-scooters/travel-scooters/go-go-elite-traveller-lx-03.jpg","http://www.carecomobility.co.uk/products/mobility-scooters/travel-scooters/go-go-elite-traveller-lx-04.jpg","http://www.carecomobility.co.uk/products/mobility-scooters/travel-scooters/go-go-elite-traveller-lx-05.jpg",,,,,,
"S841","Roma Vegas ","http://www.carecomobility.co.uk/products/mobility-scooters/travel-scooters/roma-vegas-travel-scooter-01.jpg","http://www.carecomobility.co.uk/products/mobility-scooters/travel-scooters/roma-vegas-travel-scooter-02.jpg",,,,,,,,,
"SC54UKMR1003","Pride Go Go Elite Traveller Plus 4","http://www.carecomobility.co.uk/products/mobility-scooters/travel-scooters/pride-go-go-elite-traveller-plus-4-01.jpg","http://www.carecomobility.co.uk/products/mobility-scooters/travel-scooters/pride-go-go-elite-traveller-plus-4-02.jpg","http://www.carecomobility.co.uk/products/mobility-scooters/travel-scooters/pride-go-go-elite-traveller-plus-4-03.jpg","http://www.carecomobility.co.uk/products/mobility-scooters/travel-scooters/pride-go-go-elite-traveller-plus-4-04.jpg","http://www.carecomobility.co.uk/products/mobility-scooters/travel-scooters/pride-go-go-elite-traveller-plus-4-05.jpg","http://www.carecomobility.co.uk/products/mobility-scooters/travel-scooters/pride-go-go-elite-traveller-plus-4-06.jpg","http://www.carecomobility.co.uk/products/mobility-scooters/travel-scooters/pride-go-go-elite-traveller-plus-4-07.jpg","http://www.carecomobility.co.uk/products/mobility-scooters/travel-scooters/pride-go-go-elite-traveller-plus-4-08.jpg",,,
"MS018","Drive Mercury Prism 4","http://www.carecomobility.co.uk/products/mobility-scooters/travel-scooters/drive-medical-prism-4-travel-scooter-01.jpg","http://www.carecomobility.co.uk/products/mobility-scooters/travel-scooters/drive-medical-prism-4-travel-scooter-02.jpg",,,,,,,,,
"UL480","Rascal Ultralight 480","http://www.carecomobility.co.uk/products/mobility-scooters/travel-scooters/rascal-480-ultra-lightmobility-scooter-01.jpg",,,,,,,,,,
"UL355XL","Electric Mobility 355XL","http://www.carecomobility.co.uk/products/mobility-scooters/travel-scooters/electric-mobility-355xl-travel-scooter-01.jpg",,,,,,,,,,
"MS019","Drive Prism Sport ","http://www.carecomobility.co.uk/products/mobility-scooters/travel-scooters/drive-mercury-prism-sport-01.jpg","http://www.carecomobility.co.uk/products/mobility-scooters/travel-scooters/drive-mercury-prism-sport-02.jpg","http://www.carecomobility.co.uk/products/mobility-scooters/travel-scooters/drive-mercury-prism-sport-03.jpg","http://www.carecomobility.co.uk/products/mobility-scooters/travel-scooters/drive-mercury-prism-sport-04.jpg",,,,,,,
"GK9","Shoprider Paris","http://www.carecomobility.co.uk/products/mobility-scooters/travel-scooters/shoprider-paris-01.jpg",,,,,,,,,,
"LITEWAYP3","Rascal Liteway 3 Plus","http://www.carecomobility.co.uk/products/mobility-scooters/travel-scooters/rascal-liteway-3-plus-01.jpg","http://www.carecomobility.co.uk/products/mobility-scooters/travel-scooters/rascal-liteway-3-plus-02.jpg",,,,,,,,,
"GK10","Roma Valencia","http://www.carecomobility.co.uk/products/mobility-scooters/travel-scooters/shoprider-valencia-01.jpg","http://www.carecomobility.co.uk/products/mobility-scooters/travel-scooters/shoprider-valencia-02.jpg",,,,,,,,,
"LW4","Rascal Liteway 4","http://www.carecomobility.co.uk/products/mobility-scooters/travel-scooters/rascal-liteway-4-01.jpg","http://www.carecomobility.co.uk/products/mobility-scooters/travel-scooters/rascal-liteway-4-02.jpg","http://www.carecomobility.co.uk/products/mobility-scooters/travel-scooters/rascal-liteway-4-03.jpg",,,,,,,,
"LITEWAYP4","Rascal Liteway 4 Plus","http://www.carecomobility.co.uk/products/mobility-scooters/travel-scooters/rascal-liteway-4-01.jpg","http://www.carecomobility.co.uk/products/mobility-scooters/travel-scooters/rascal-liteway-4-02.jpg","http://www.carecomobility.co.uk/products/mobility-scooters/travel-scooters/rascal-liteway-4-03.jpg",,,,,,,,
"LW3","Rascal Liteway 3 ","http://www.carecomobility.co.uk/products/mobility-scooters/travel-scooters/rascal-liteway-3-01.jpg","http://www.carecomobility.co.uk/products/mobility-scooters/travel-scooters/rascal-liteway-3-02.jpg","http://www.carecomobility.co.uk/products/mobility-scooters/travel-scooters/rascal-liteway-3-03.jpg",,,,,,,,
"SCOOTCASE","CareCo Scootcase","http://www.carecomobility.co.uk/products/mobility-scooters/travel-scooters/careco-scootcase-01.jpg","http://www.carecomobility.co.uk/products/mobility-scooters/travel-scooters/careco-scootcase-02.jpg","http://www.carecomobility.co.uk/products/mobility-scooters/travel-scooters/careco-scootcase-03.jpg","http://www.carecomobility.co.uk/products/mobility-scooters/travel-scooters/careco-scootcase-01.jpg",,,,,,,
"PARTNERD","Rascal Partner Deluxe","http://www.carecomobility.co.uk/products/mobility-scooters/pavement-scooters/rascal-partner-deluxe-mobility-scooter-01.jpg","http://www.carecomobility.co.uk/products/mobility-scooters/pavement-scooters/rascal-partner-deluxe-mobility-scooter-02.jpg",,,,,,,,,
"SR168-4","Freerider Mayfair 4","http://www.carecomobility.co.uk/products/mobility-scooters/pavement-scooters/mayfair-4-mobility-scooter-01.jpg",,,,,,,,,,
"S888NR","Roma Sovereign 4","http://www.carecomobility.co.uk/products/mobility-scooters/pavement-scooters/shoprider-soverign-4-01.jpg",,,,,,,,,,
"MS040","Drive Mercury Neo 4","http://www.carecomobility.co.uk/products/mobility-scooters/pavement-scooters/drive-neo-4-mobility-scooter-01.jpg","http://www.carecomobility.co.uk/products/mobility-scooters/pavement-scooters/drive-neo-4-mobility-scooter-02.jpg","http://www.carecomobility.co.uk/products/mobility-scooters/pavement-scooters/drive-neo-4-mobility-scooter-03.jpg",,,,,,,,
"S104UKSB1001","Pride Colt ES10","http://www.carecomobility.co.uk/products/mobility-scooters/pavement-scooters/pride-go-go-es10-scooter-01.jpg","http://www.carecomobility.co.uk/products/mobility-scooters/pavement-scooters/pride-go-go-es10-scooter-02.jpg","http://www.carecomobility.co.uk/products/mobility-scooters/pavement-scooters/pride-go-go-es10-scooter-03.jpg",,,,,,,,
"SPSLSAPHIRE2","Sterling Sapphire 2","http://www.carecomobility.co.uk/products/mobility-scooters/pavement-scooters/sterling-sapphire-2-01.jpg","http://www.carecomobility.co.uk/products/mobility-scooters/pavement-scooters/sterling-sapphire-2-02.jpg",,,,,,,,,
"SC710UKVB1005","Pride Colt Plus","http://www.carecomobility.co.uk/products/mobility-scooters/pavement-scooters/pride-colt-plus-01.jpg","http://www.carecomobility.co.uk/products/mobility-scooters/pavement-scooters/pride-colt-plus-02.jpg","http://www.carecomobility.co.uk/products/mobility-scooters/pavement-scooters/pride-colt-plus-03.jpg",,,,,,,,
"GK10","Roma Valencia","http://www.carecomobility.co.uk/products/mobility-scooters/pavement-scooters/shoprider-valencia-01.jpg","http://www.carecomobility.co.uk/products/mobility-scooters/pavement-scooters/shoprider-valencia-02.jpg",,,,,,,,,
"SC712UKVB1002","Pride Colt Twin","http://www.carecomobility.co.uk/products/mobility-scooters/pavement-scooters/pride-colt-twin-01.jpg","http://www.carecomobility.co.uk/products/mobility-scooters/pavement-scooters/pride-colt-twin-02.jpg","http://www.carecomobility.co.uk/products/mobility-scooters/pavement-scooters/pride-colt-twin-03.jpg","http://www.carecomobility.co.uk/products/mobility-scooters/pavement-scooters/pride-colt-twin-04.jpg","http://www.carecomobility.co.uk/products/mobility-scooters/pavement-scooters/pride-colt-twin-05.jpg",,,,,,
"S778NR","Shoprider Sovereign 3","http://www.carecomobility.co.uk/products/mobility-scooters/pavement-scooters/shoprider-sovereign-3-01.jpg",,,,,,,,,,
"TE388DLX","Rascal 388 Deluxe","http://www.carecomobility.co.uk/products/mobility-scooters/pavement-scooters/rascal-388-deluxe-01.jpg",,,,,,,,,,
"Te450","Rascal 450","http://www.carecomobility.co.uk/products/mobility-scooters/pavement-scooters/rascal-450-mobility-scooter-01.jpg","http://www.carecomobility.co.uk/products/mobility-scooters/pavement-scooters/rascal-450-mobility-scooter-02.jpg",,,,,,,,,
"S889NR","Shoprider Deluxe","http://www.carecomobility.co.uk/products/mobility-scooters/pavement-scooters/roma-deluxe-mobility-scooter-01.jpg",,,,,,,,,,
"S742","Roma Sorrento","http://www.carecomobility.co.uk/products/mobility-scooters/pavement-scooters/roma-sorrento-01.jpg",,,,,,,,,,
"MS050","Drive Mercury Envoy 4","http://www.carecomobility.co.uk/products/mobility-scooters/pavement-scooters/drive-envoy-mobility-scooter-blue-01.jpg","http://www.carecomobility.co.uk/products/mobility-scooters/pavement-scooters/drive-envoy-mobility-scooter-red-02.jpg","http://www.carecomobility.co.uk/products/mobility-scooters/pavement-scooters/drive-envoy-mobility-scooter-white-03.jpg",,,,,,,,
"SCUK940VBLU","Pride Maxima 4 ","http://www.carecomobility.co.uk/products/mobility-scooters/pavement-scooters/pride-maxima-mobility-scooter-01.jpg","http://www.carecomobility.co.uk/products/mobility-scooters/pavement-scooters/pride-maxima-mobility-scooter-02.jpg","http://www.carecomobility.co.uk/products/mobility-scooters/pavement-scooters/pride-maxima-mobility-scooter-03.jpg","http://www.carecomobility.co.uk/products/mobility-scooters/pavement-scooters/pride-maxima-mobility-scooter-04.jpg","http://www.carecomobility.co.uk/products/mobility-scooters/pavement-scooters/pride-maxima-mobility-scooter-05.jpg","http://www.carecomobility.co.uk/products/mobility-scooters/pavement-scooters/pride-maxima-mobility-scooter-001.jpg","http://www.carecomobility.co.uk/products/mobility-scooters/pavement-scooters/pride-maxima-mobility-scooter-002.jpg","http://www.carecomobility.co.uk/products/mobility-scooters/pavement-scooters/pride-maxima-mobility-scooter-003.jpg","http://www.carecomobility.co.uk/products/mobility-scooters/pavement-scooters/pride-maxima-mobility-scooter-004.jpg","http://www.carecomobility.co.uk/products/mobility-scooters/pavement-scooters/pride-maxima-mobility-scooter-005.jpg",
"SCUK900VBLU","Pride Maxima 3","http://www.carecomobility.co.uk/products/mobility-scooters/pavement-scooters/pride-maxima-3-mobility-scooter-01.jpg","http://www.carecomobility.co.uk/products/mobility-scooters/pavement-scooters/pride-maxima-3-mobility-scooter-02.jpg","http://www.carecomobility.co.uk/products/mobility-scooters/pavement-scooters/pride-maxima-3-mobility-scooter-03.jpg","http://www.carecomobility.co.uk/products/mobility-scooters/pavement-scooters/pride-maxima-3-mobility-scooter-04.jpg","http://www.carecomobility.co.uk/products/mobility-scooters/pavement-scooters/pride-maxima-3-mobility-scooter-05.jpg",,,,,,
"LITEWAYP4","Rascal Liteway 4 Plus","http://www.carecomobility.co.uk/products/mobility-scooters/pavement-scooters/rascal-liteway-4-01.jpg","http://www.carecomobility.co.uk/products/mobility-scooters/pavement-scooters/rascal-liteway-4-02.jpg","http://www.carecomobility.co.uk/products/mobility-scooters/pavement-scooters/rascal-liteway-4-03.jpg",,,,,,,,
"s146","Roma Lyon","http://www.carecomobility.co.uk/products/mobility-scooters/pavement-scooters/shoprider-lyon-01.jpg","http://www.carecomobility.co.uk/products/mobility-scooters/pavement-scooters/shoprider-lyon-02.jpg",,,,,,,,,
