"Product Id","Product Name","Web Price","Cost Price","Discount Type","Discount Value","Bulk Discount Exists"
"542800","3M Scaleguard Water Filters","24.99","0.00","0","0.00","N"
"531940","4oz Stainless Shot Pitcher","4.29","0.00","0","0.00","N"
"531619","7oz Plastic Water Cups x 1000","14.99","0.00","0","25.00","N"
"538133","Americas Range - New Jersey Blend - 6KG","39.99","0.00","0","0.00","Y"
"531718","Americas Range - New Jersey Filter Coffee","24.99","0.00","2","21.99","N"
"538585","Aromo - COLOMBIAN - 62mm Senseo Compatible Coffee Pods","24.99","0.00","2","19.99","N"
"538586","Aromo - KENYAN - 62mm Senseo Compatible Coffee Pods","24.99","0.00","2","19.99","N"
"538584","Aromo - SUMATRA - 62mm Senseo Compatible Coffee Pods","24.99","0.00","2","19.99","N"
"549082","Aromo ESE Coffee Pods -  Mixed Selection Pack x 100","21.49","0.00","0","5.00","Y"
"549079","Aromo ESE Coffee Pods - Boost x 100 Pods","24.00","0.00","0","0.00","Y"
"549078","Aromo ESE Coffee Pods - Bounce - Arabica x 100 Pods","23.00","0.00","0","0.00","Y"
"549080","Aromo ESE Coffee Pods - Buzz - French Roast x 100 Pods","20.00","0.00","0","0.00","Y"
"549081","Aromo ESE Coffee Pods - Buzz Lite - DECAF French Roast x 100 Pods","22.00","0.00","0","20.00","Y"
"531666","Banana Smoothie Mix - 1 Ltr","4.79","0.00","0","0.00","Y"
"547535","BARISTA Double Wall Paper Coffee Cups & Lids","32.99","0.00","0","20.00","N"
"548593","Beetroot Cacao Latte Powder","16.99","0.00","2","13.99","Y"
"531579","Belgian Dark Chocolate Shavings - 500g","6.99","0.00","0","0.00","Y"
"531770","Benders Milano Barrier Paper Cups & Lids","39.99","0.00","0","25.00","N"
"540296","Bendy Plastic Straws x 250","1.29","0.00","0","0.00","Y"
"544257","Bensdorp Organic Single Origin Tanzanian Hot Chocolate","4.99","0.00","0","0.00","Y"
"531911","Beverage Scoops - Shakes, Frappes, Chocolate","0.79","0.00","0","0.00","N"
"548774","Biodegradable Double Wall Paper Cups","36.99","0.00","0","10.00","N"
"531631","Biodegradable Single Wall Coffee Cups & Lids","49.99","0.00","0","10.00","N"
"550170","Biodegradable Water Cones x 5000","44.95","0.00","2","34.99","Y"
"547334","Biodegradable Wooden Cutlery","2.99","0.00","0","0.00","Y"
"531965","Birchall Camomile Prism Tea Bags","3.09","0.00","0","0.00","Y"
"545991","Birchall Darjeeling Prism Tea Bags","3.99","0.00","0","0.00","Y"
"531970","Birchall Decaf Prism Tea Bags","3.49","0.00","0","0.00","Y"
"531660","Birchall Earl Grey Prism Tea Bags","3.09","0.00","0","0.00","Y"
"548558","Birchall English Breakfast 1100 Tea Bags","24.99","0.00","2","22.99","Y"
"540984","Birchall FairTrade Earl Grey Tea Bags","3.99","0.00","0","0.00","N"
"540985","Birchall FairTrade English Breakfast Tea Bags","3.79","0.00","0","0.00","N"
"540948","Birchall Great Rift Breakfast Blend Prism Tea Bags","3.09","0.00","0","0.00","Y"
"548557","Birchall Great Rift Loose Leaf Tea 1KG","14.99","0.00","2","12.99","Y"
"540953","Birchall Green Tea & Peach Prism Tea Bags","3.09","0.00","0","0.00","Y"
"540952","Birchall Green Tea Prism Tea Bags","3.09","0.00","0","0.00","Y"
"531969","Birchall Lemongrass & Ginger Prism Tea Bags","3.09","0.00","0","0.00","Y"
"548734","Birchall Loose Leaf Tea - Camomile 75g","4.50","0.00","2","3.49","Y"
"548723","Birchall Loose Leaf Tea - Darjeeling 125g","9.60","0.00","2","7.49","Y"
"548378","Birchall Loose Leaf Tea - Great Rift 250g","4.50","0.00","2","3.95","Y"
"548389","Birchall Loose Leaf Tea - Great Rift Decaf 250g","7.50","0.00","2","6.49","Y"
"548732","Birchall Loose Leaf Tea - Green Tea & Peach 125g","4.75","0.00","2","3.89","Y"
"548725","Birchall Loose Leaf Tea - Green Tea 125g","6.20","0.00","2","4.49","Y"
"548729","Birchall Loose Leaf Tea - Jasmine Tea Pearls 75g","7.75","0.00","0","30.00","Y"
"548736","Birchall Loose Leaf Tea - Lemongrass & Ginger 125g","4.75","0.00","2","3.89","Y"
"548737","Birchall Loose Leaf Tea - Organic Redbush 125g","4.75","0.00","2","3.89","Y"
"548735","Birchall Loose Leaf Tea - Peppermint 75g","4.50","0.00","2","3.29","Y"
"548733","Birchall Loose Leaf Tea - Red Berry & Flower 125g","6.20","0.00","2","4.49","Y"
"548720","Birchall Loose Leaf Tea - Virunga Chai 125g","7.75","0.00","2","5.99","Y"
"548719","Birchall Loose Leaf Tea - Virunga Earl Grey 250g","7.50","0.00","2","5.99","Y"
"540950","Birchall Organic Redbush Prism Tea Bags","3.09","0.00","0","0.00","Y"
"540951","Birchall Peppermint Prism Tea Bags","3.09","0.00","0","0.00","Y"
"541078","Birchall Premium Teas - Starter Kit","19.99","0.00","0","3.00","N"
"540949","Birchall Red Berry & Flower Prism Tea Bags","3.09","0.00","0","0.00","Y"
"545993","Birchall Virunga Chai Prism Tea Bags","3.99","0.00","0","0.00","Y"
"531976","Black Triple Wall Ripple Cups & Lids","32.99","0.00","0","15.00","N"
"531921","Blackberry & Blueberry Smoothie Mix - 1 Ltr","4.79","0.00","0","0.00","Y"
"531859","Blendtec ABC Commercial Blender","1149.00","0.00","2","979.00","N"
"531900","Blendtec Chef 775 Commercial Blender","749.99","0.00","1","100.00","N"
"535844","Blendtec Colour Coded Jars","109.99","0.00","2","99.99","N"
"531669","Blendtec Connoisseur 825 Q Series Blender","1199.95","0.00","2","885.00","N"
"531605","Blendtec Jug Rapid Rinser","279.99","0.00","2","229.99","N"
"531726","Blendtec Jugs","79.99","0.00","0","0.00","Y"
"531954","Blendtec Motor Enclosure","164.99","0.00","0","0.00","N"
"539448","Blendtec Rapid Rinse Station","499.99","0.00","2","429.99","N"
"531925","Blendtec Sound Enclosure","169.99","0.00","0","0.00","N"
"531991","Blendtec Stealth 875 Commercial Blender","1649.99","0.00","2","1229.99","N"
"548779","Blendtec Stealth 895 NBS Blender","2099.99","0.00","2","1895.00","N"
"531874","Blendtec Twist Jar - Large","139.99","0.00","0","0.00","Y"
"538885","Blendtec Wildside Plus Five Side Jar","129.99","0.00","0","0.00","Y"
"531674","Blendtec Xpress EZ600 Commercial Blender","629.99","0.00","2","499.99","N"
"550153","Blue Vinyl Food Safe Gloves","2.69","0.00","0","0.00","Y"
"532025","Bonito Vanilla Spoon Biscuits x 300","9.99","0.00","0","0.00","Y"
"531802","Borders Biscuits - 100 Twin Packs","23.49","0.00","0","5.00","Y"
"541122","Boutique Double Wall Paper Coffee Cups & Lids","32.99","0.00","0","10.00","Y"
"531749","Bravilor Bolero XL Coffee Machine","1595.00","0.00","0","28.00","N"
"531767","Bravilor Bulk Brewers","1695.00","0.00","0","20.00","N"
"531892","Bravilor Filter Coffee Machine Cleaner Sachet - Green","1.00","0.00","0","0.00","Y"
"531734","Bravilor Filter Pan & Spring","19.99","0.00","0","7.00","N"
"531848","Bravilor Furento Airpot - 2.2 Litre","66.99","0.00","0","0.00","Y"
"531847","Bravilor Glass Jug - 1.7 Litre","14.99","0.00","0","0.00","Y"
"531743","Bravilor HWA - Hot Water Boilers","449.00","0.00","0","20.00","N"
"531698","Bravilor Jug Hot Plate","114.99","0.00","0","5.00","Y"
"531765","Bravilor Matic 2","479.99","0.00","0","20.00","N"
"531766","Bravilor Matic Twin","1049.99","0.00","0","20.00","N"
"531763","Bravilor Mondo Filter Coffee Machine","369.99","0.00","0","18.00","N"
"531764","Bravilor Mondo Twin","729.99","0.00","0","20.00","N"
"531806","Bravilor Novo With Free Coffee Offer","229.99","0.00","2","169.95","Y"
"549925","Bravilor Renegite Descaler - 1KG Tub","9.79","0.00","2","0.00","Y"
"548718","Bravilor SEGO Bean To Cup Coffee Machine","2895.00","0.00","2","2395.00","N"
"531703","Bravilor Solo & Free Chocolate Offer","599.99","0.00","0","20.00","N"
"550158","Bravilor TH Airpot Filter Coffee Machines","348.99","0.00","0","20.00","N"
"531796","Bravilor: RLX 31","1179.99","0.00","0","20.00","N"
"531810","Bravilor: RLX 41","1549.99","0.00","0","20.00","N"
"531803","Bravilor: RLX 575","1999.99","0.00","0","20.00","N"
"531804","Bravilor: RLX 585","2349.99","0.00","0","20.00","N"
"531812","Bravilor: RLX 75","1399.99","0.00","0","20.00","N"
"531811","Bravilor: RLX 76","1249.99","0.00","0","20.00","N"
"542866","Brita Finest Purity Water Filters","49.99","0.00","0","0.00","N"
"542862","Brita Purity C Water Filters","34.99","0.00","0","0.00","N"
"551241","Bronte Traditional Biscuit Twin Packs x 80 Packs","21.49","0.00","0","0.00","N"
"539434","Brown Sugar Sachets x 1000","6.99","0.00","2","0.00","Y"
"550163","Butterfly Pea Latte Powder","21.99","0.00","2","16.99","Y"
"548917","Byron Bay - Gluten Free Wrapped Cookies - Dotty","11.49","0.00","0","0.00","Y"
"548919","Byron Bay - Gluten Free Wrapped Cookies - Triple Choc Fudge","11.49","0.00","0","0.00","Y"
"548918","Byron Bay - Gluten Free Wrapped Cookies - White Choc Chunk & Macadamia","11.49","0.00","0","15.00","Y"
"551447","Byron Bay - VEGAN - Gluten Free Wrapped Cookies - Maple And Pecan X 12","11.49","0.00","0","0.00","Y"
"531578","Byron Bay Accessories","0.05","0.00","0","0.00","N"
"531636","Byron Bay Cafe Cookie & Jar Starter Kit","79.99","0.00","2","59.99","N"
"531586","Byron Bay Cafe Cookies x 6","4.99","0.00","2","4.49","Y"
"551140","Byron Bay Cookies - Anzac x 6","4.99","0.00","2","4.49","Y"
"548953","Byron Bay Cookies - Cherry Cheesecake x 6","4.99","0.00","0","15.00","Y"
"548952","Byron Bay Cookies - Dotty x 6","4.99","0.00","2","4.49","Y"
"551141","Byron Bay Cookies - Fig & Pecan x 6","4.99","0.00","2","4.49","Y"
"548954","Byron Bay Cookies - Lemon & Macadamia x 6","4.99","0.00","2","4.49","Y"
"548955","Byron Bay Cookies - Milk Choc Chunk x 6","4.99","0.00","2","4.49","Y"
"549089","Byron Bay Cookies - Rocky Road x 6","4.99","0.00","2","4.49","Y"
"548956","Byron Bay Cookies - Sticky Date & Ginger x 6","4.99","0.00","2","4.49","Y"
"548957","Byron Bay Cookies - Triple Choc Fudge x 6","4.99","0.00","2","4.49","Y"
"548958","Byron Bay Cookies - White Choc & Madadamia x 6","4.99","0.00","2","4.49","Y"
"535587","Cadburys One Chocolate 1KG","7.99","0.00","2","5.99","Y"
"549932","Cafe Express Fairtrade One Cup Decaf Filter Coffee Bags x 50","16.99","0.00","0","0.00","Y"
"549931","Cafe Express Fairtrade One Cup Filter Coffee Bags x 50","14.99","0.00","0","0.00","Y"
"531762","Cafe Maid Cream Pots","6.49","0.00","0","5.00","Y"
"531580","Cafe Wipez Urnex Cleaning Wipes","7.99","0.00","0","0.00","Y"
"531593","Cafelat Knock Box - Stainless Steel","42.99","0.00","0","0.00","N"
"531955","Cafetiere Coffee Press","12.99","0.00","0","0.00","N"
"537088","Canadian Hot Spiced Apple Drink","32.49","0.00","0","0.00","Y"
"531705","Cappuccino Cups & Saucers x6","25.00","0.00","0","0.00","Y"
"531654","Cardboard Coffee Cup Clutches","2.49","0.00","0","5.00","N"
"531657","Catalina Latte Glasses","34.99","0.00","0","0.00","Y"
"541160","Champion Soya Milk Substitute Pots x 80","6.79","0.00","0","0.00","Y"
"551383","Charcoal Latte Powder","21.49","0.00","2","16.99","Y"
"540826","Chicopee Coffee Towels x 10","4.99","0.00","0","0.00","Y"
"531676","Chocolate Dusting Sprinkler","2.99","0.00","0","0.00","Y"
"531677","Chocolate Flakes Sprinkler","2.99","0.00","0","0.00","Y"
"540827","Chocolate Frothing Jug - 2 Sizes","13.99","0.00","0","0.00","Y"
"531590","Cinnamon Coffee Sprinkler","3.49","0.00","0","0.00","Y"
"537132","Cinnamon Sticks & Star Anise","2.49","0.59","0","0.00","Y"
"537983","Cioccolato Suprema Hot Chocolate 2KG","13.99","0.00","2","11.99","Y"
"542810","Claris Ultra Water Filters","89.99","0.00","0","0.00","N"
"535384","Classic Blend Filter Coffee Sachets","20.49","0.00","0","0.00","Y"
"531920","Classic Cappuccino Topping 10 x 750g","36.99","0.00","0","0.00","Y"
"536772","Classic Creem Choc 10 x 1 Kilo","32.99","0.00","0","0.00","Y"
"531585","Cocoa Fantasy Hot Chocolate","5.99","0.00","0","25.00","Y"
"531846","Coffee Filter Papers x 250","5.99","0.00","0","0.00","Y"
"543897","Coffee Fresh Vacuum Can 500g","19.99","0.00","2","14.99","Y"
"531727","Coffee Stencils","4.99","0.00","0","0.00","Y"
"551148","Coffeetek Vitro S1 Bean To Cup Machine","2095.00","0.00","0","10.00","Y"
"551001","Coffeetek Vitro X3 Bean To Cup Coffee Machine","4795.00","0.00","0","15.00","N"
"531714","Colombian Supremo Filter Coffee","27.49","0.00","0","0.00","Y"
"531866","Condiment Dispenser","34.99","0.00","0","0.00","Y"
"547719","Cosy Organic Matcha Green Tea Powder 100g","7.49","0.00","0","0.00","Y"
"540032","Crawfords Mini Assortment Packs x 100","19.99","0.00","0","0.00","Y"
"531786","Crunchy Italian Amaretto Biscuits x 300","10.99","0.00","0","25.00","N"
"531821","Cup Carry Trays","2.99","0.00","0","0.00","Y"
"540891","Daelmans Jumbo Caramel Stroop Waffles x 36","13.99","0.00","2","0.00","N"
"537741","DART EPS Foam Cups & Lids","21.99","0.00","0","10.00","N"
"531612","Decaf Cafetiere 500g","6.29","0.00","0","0.00","N"
"538888","Dinkum Cappuccino Cool Mix 1.25 KG","34.99","0.00","2","0.00","Y"
"531637","Dinkum Shmoo MilkShake Starter Kit","379.99","0.00","2","299.99","N"
"531903","Dinkum Shmoo Stainless Steel Mixer Jar","19.99","0.00","0","0.00","Y"
"531689","Disposable Coffee Cup Lids","22.49","0.00","0","12.00","N"
"538919","DOUBLE Coffee Pods - 14g - ARABICA x 50","19.99","0.00","0","0.00","Y"
"539430","DOUBLE Coffee Pods - 14g - DECAF x 50","18.99","0.00","0","0.00","Y"
"531649","Drizzle Bottle","2.99","0.00","0","0.00","Y"
"531707","Espresso Cups & Saucers x6","18.99","0.00","0","0.00","Y"
"531963","Espresso Machine Shower Plates","4.99","0.00","0","0.00","Y"
"531691","Espresso Shot Glass - 2oz Lined","3.99","0.00","0","0.00","Y"
"542854","Everpure Claris Water Filters","54.99","0.00","0","0.00","N"
"531728","Exotic Fruit Smoothie Mix - 1 Ltr","4.79","0.00","0","0.00","Y"
"531867","Expobar Carat Espresso Machine","2995.00","0.00","0","0.00","N"
"531915","Expobar Diamant Espresso Machines","3945.00","0.00","0","0.00","N"
"531898","Expobar G10 Commercial Espresso Machine","2195.00","0.00","2","1945.00","N"
"540103","Expobar Monroc Espresso Machines","1395.00","0.00","0","0.00","N"
"543807","Expobar Rosetta Espresso Machine","2995.00","0.00","0","10.00","N"
"544054","Expobar Zenith On Demand Grinder","799.99","0.00","2","649.99","N"
"531787","FairTrade Brown Sugar Sticks x 1000","8.99","0.00","0","0.00","Y"
"531909","FairTrade Caramelised Biscuit x 300","12.99","0.00","0","0.00","Y"
"531583","FairTrade Chocolate Sprinkler","2.99","0.00","0","0.00","Y"
"531902","FairTrade Coffee Sticks x 250","16.99","0.00","0","0.00","Y"
"531701","FairTrade Dark Italia Coffee Beans","54.99","0.00","0","0.00","Y"
"531813","FairTrade Hot Chocolate Sachets x 100","17.99","0.00","0","0.00","Y"
"531589","FairTrade Milano Filter Coffee","29.99","0.00","0","0.00","Y"
"531851","FairTrade Romero Coffee Beans 6KG","54.99","0.00","0","0.00","Y"
"531656","FairTrade Tea Bags 1100 Pack","18.99","0.00","0","0.00","Y"
"531621","FairTrade White Sugar Sticks x 1000","8.99","0.00","0","0.00","Y"
"540266","Festive Coffee Stencils Set x 8","9.99","0.00","0","0.00","N"
"531769","Fine Granule Vending Sugar 2 KG","3.49","0.00","0","0.00","Y"
"549073","Fiorenzato F64 Evo On Demand Grinder","799.99","0.00","2","629.99","N"
"548273","For Life Stump Tea Pot -  Lime Green","24.99","0.00","2","19.99","Y"
"548268","For Life Stump Tea Pot - Black","24.99","0.00","2","19.99","Y"
"548281","For Life Stump Tea Pot - Blue","24.99","0.00","2","19.99","Y"
"548284","For Life Stump Tea Pot - Burgandy","24.99","0.00","2","19.99","Y"
"548286","For Life Stump Tea Pot - Carrot","24.99","0.00","2","0.00","N"
"548287","For Life Stump Tea Pot - Coral","24.99","0.00","2","19.99","Y"
"548269","For Life Stump Tea Pot - Grey","24.99","0.00","2","19.99","Y"
"548288","For Life Stump Tea Pot - Mandarin","24.99","0.00","2","19.99","Y"
"548276","For Life Stump Tea Pot - Red","24.99","0.00","2","19.99","Y"
"548278","For Life Stump Tea Pot - Turquoise","24.99","0.00","2","19.99","Y"
"548280","For Life Stump Tea Pot - White","24.99","0.00","2","19.99","Y"
"536945","ForLife Stump Tea Pots 18oz","21.99","0.00","0","5.00","N"
"550180","Franke A600 Bean to Cup Machine","0.00","0.00","0","0.00","N"
"531930","Franke Descaling Solution 700ML","6.29","0.00","0","0.00","Y"
"531645","Fresh Loose Leaf Teas","2.99","0.00","0","0.00","N"
"531829","Fruit Smoothie Mixes - Mixed Case - 8 x 1 Ltr","39.99","0.00","2","36.00","N"
"550104","FUEL Paper Cup Pack - Includes Cups Lids & Stirrers x 40","9.99","0.00","2","4.79","Y"
"540690","Gaggia Accademia Coffee Maker","1299.99","0.00","0","15.00","N"
"540692","Gaggia Anima - Prestige Coffee Maker","699.99","0.00","0","15.00","N"
"540706","Gaggia Brera Coffee Machine","509.99","0.00","0","15.00","N"
"540688","Gaggia Carezza Deluxe Coffee Maker","229.99","0.00","0","15.00","N"
"531983","Gaggia Commercial Grinders","599.99","0.00","2","499.99","N"
"531755","Gaggia D90 Evolution Commercial Espresso Machine","4245.00","0.00","0","0.00","N"
"541093","Gaggia Deco Espresso Machine","5995.00","0.00","0","10.00","N"
"531820","Gaggia G Series","3195.00","0.00","0","10.00","N"
"540691","Gaggia MDF Grinder - Black","189.99","0.00","0","15.00","N"
"531754","Gaggia XD Espresso Coffee Machines","3995.00","0.00","0","0.00","N"
"540829","Galaxy Hot Chocolate Bags","3.99","0.00","0","0.00","Y"
"540436","Galaxy Hot Chocolate Sachets x 100","23.99","0.00","0","0.00","Y"
"539447","Glaceau Smart Water 24 x 600ml","12.99","0.00","2","0.00","Y"
"531723","Glass Biscotti Jars - 3.8 Ltr","10.99","0.00","0","0.00","Y"
"548592","Golden Turmeric Latte Powder","21.49","0.00","2","16.99","Y"
"543910","Granulated Skimmed Milk Powder 10 x 500g","34.99","0.00","0","0.00","Y"
"548009","GRAVIA ESE PODS - HUGE SALE PRICE","12.99","0.00","0","60.00","N"
"531849","Great Taste Award Winning Swiss Water Decaf Coffee","5.99","0.00","0","0.00","Y"
"548594","Green Matcha Latte Powder","21.49","0.00","2","16.99","Y"
"531899","Grinder Cleaning Brush","3.99","0.00","0","0.00","Y"
"550156","Group Head Cleaning Brush","2.79","0.00","0","0.00","N"
"531959","Group Head Seals 8.5mm","3.29","0.00","0","0.00","Y"
"548595","Guarana Cacao Latte Powder","16.99","0.00","2","13.99","Y"
"531592","Harrogate Bottled Water - Sparkling x 24","9.99","0.00","0","50.00","N"
"531588","Harrogate Bottled Water - Still x 24","9.99","0.00","0","0.00","Y"
"540210","Hot Chocolate Dispenser - 5 Litre","545.00","0.00","2","489.99","N"
"540828","Iberital IB7 Coffee Machine","1795.00","0.00","0","0.00","N"
"541091","Iberital Intenz Commercial Coffee Machine","1895.00","0.00","0","0.00","N"
"541343","Icelandic Glacial Water","17.99","0.00","0","0.00","Y"
"551208","Illy Classico - Medium Roast - ESE Coffee Pods x 18","7.99","0.00","2","6.99","Y"
"545950","iSi Chrome Charger Holder","9.99","0.00","0","0.00","Y"
"531801","iSi Cream Whipper Chargers","4.49","0.00","0","0.00","N"
"531682","iSi Easy Whip Plus Cream Whipper","29.99","0.00","0","6.00","N"
"545951","iSi Funnel & Sieve Set","26.99","0.00","0","0.00","N"
"531808","iSi Gourmet Plus Whip Cream Whipper","59.99","0.00","0","10.00","N"
"531712","iSi Injector Tips x 4","14.99","0.00","0","5.00","N"
"551008","iSi Nitro Whip 1 Litre","99.99","0.00","0","0.00","N"
"551007","iSi Nitro Whipper Charger Bulbs x16","9.99","0.00","0","0.00","Y"
"546565","iSi Professional Chargers - Extra Capacity x 50","21.99","0.00","0","5.00","Y"
"531720","iSi Profi Whip Cream Whipper","44.99","0.00","0","5.00","N"
"541332","iSi SODA Chargers","7.49","0.00","0","20.00","N"
"541094","iSi Stainless Steel Tips x 3","16.99","0.00","0","5.00","N"
"535663","iSi Thermo Whip Whipper 0.5 Litre","72.49","0.00","0","5.00","N"
"531695","iSi Thermo Xpress Cream Whip Station & Free Bulbs","119.99","0.00","0","5.00","N"
"531797","Italian Almond Biscotti Biscuits Bars x 24","14.99","0.00","2","13.49","N"
"541310","JTC OmniBlend V Pro OmniShield Smoothie Blender","549.99","0.00","2","345.00","Y"
"532017","Jumbo Wide Smoothie Straws x 100","1.39","0.00","0","0.00","Y"
"531814","Jura 2 Phase Cleaning Tablets","29.99","0.00","2","24.99","N"
"548841","Jura A1 Coffee Machine","645.00","0.00","2","512.50","N"
"548848","Jura A7 Coffee Machine","895.00","0.00","2","708.54","N"
"548849","Jura A9 Coffee Machine","1145.00","0.00","2","906.46","N"
"531736","Jura Air Intake Nozzle (J67656)","5.29","0.00","0","0.00","N"
"544055","Jura Bluetooth Smart Connect Adapter","59.99","0.00","2","58.49","N"
"547264","Jura Claris PRO - Smart Water Filter - PRO Grey","34.99","0.00","0","10.00","Y"
"542120","Jura Claris PRO Blue Water Filter - PRO Blue","34.99","0.00","0","10.00","Y"
"542121","Jura Claris PRO White Water Filter - PRO White","28.49","0.00","0","5.00","Y"
"531912","Jura Claris Water Filters - Claris Blue","10.99","0.00","0","7.00","Y"
"541153","Jura Claris Water Filters - Claris Smart","10.99","0.00","0","7.00","Y"
"531823","Jura Claris Water Filters - Claris White","10.99","0.00","0","10.00","Y"
"548959","Jura Coffee Machine Care Kit","39.99","0.00","0","0.00","N"
"531945","Jura Cool Control","99.99","0.00","0","0.00","N"
"531971","Jura Cup Warmer - Slimline","229.99","0.00","0","20.00","N"
"531738","Jura Descaling Tablets","12.29","0.00","0","5.00","N"
"531577","Jura ENA 9 Black Aroma+","1149.99","0.00","2","975.00","N"
"548850","Jura GIGA 5 Coffee Machine","3745.00","0.00","2","2964.17","N"
"531958","Jura GIGA X3 Generation 2 Coffee Machine","4495.00","0.00","2","3645.00","N"
"538591","Jura GIGA X8 Gen 2 Coffee Machine","5159.00","0.00","2","4695.00","N"
"541308","Jura Glass Milk Container","26.49","0.00","0","0.00","N"
"531744","Jura Impressa D60 - BIRTHDAY SALE PROMO - LIMITED STOCK","849.99","0.00","2","449.99","N"
"543998","Jura Impressa E6 Coffee Maker","795.00","0.00","2","645.83","N"
"541120","Jura Impressa E8 Coffee Machine","1095.00","0.00","2","866.67","N"
"540084","Jura Impressa Z6 Coffee Machine","2145.00","0.00","0","5.00","N"
"548840","Jura J6 Coffee Machine","1695.00","0.00","2","1354.17","N"
"531830","Jura JX6 Coffee Machine","2195.00","0.00","2","1679.99","N"
"534833","Jura JX8 Platinum Coffee Machine","3295.00","0.00","2","2295.00","N"
"531907","Jura Milk Accessory Kit","19.99","0.00","0","0.00","Y"
"531745","Jura Milk Cleaning Fluid 1Ltr","15.99","0.00","0","10.00","Y"
"531857","Jura Milk Container","28.49","0.00","0","0.00","N"
"531704","Jura Milk Foamers","28.49","0.00","0","0.00","N"
"548838","Jura S8 Coffee Machine","1395.00","0.00","2","1120.00","N"
"531699","Jura Stainless Milk Flask","59.99","0.00","0","0.00","N"
"547347","Jura Stainless Steel Milk Pipe Upgrade Kit","24.99","0.00","0","0.00","N"
"543008","Jura WE6 Coffee Machine Package","1499.99","0.00","2","1145.00","N"
"543013","Jura WE8 Coffee Machine Package","1749.99","0.00","2","1479.99","N"
"548837","Jura Z8 Coffee Machine","2295.00","0.00","2","1995.00","N"
"531614","Kenco Decaffeinated Vending Coffee 10 X 300g","79.99","0.00","0","0.00","Y"
"531600","Kenco Really Rich Vending Coffee 10 x 300g","72.99","0.00","0","0.00","Y"
"531599","Kenco Really Smooth Vending Coffee 10 x 300g","72.99","0.00","0","0.00","Y"
"531630","Kraft Paper Carry Bags","16.99","0.00","0","10.00","N"
"531904","Kraft Ripple Coffee Cups & Lids","32.99","0.00","0","15.00","N"
"548769","Kraft Take Away Deli Boxes","24.99","0.00","2","19.99","N"
"550008","La Spazielle S5 Espresso Machines","2995.00","0.00","2","2495.00","N"
"531706","Large Cappuccino Cups & Saucers 12oz x6","28.99","0.00","0","0.00","Y"
"531854","Latte Mug x6","19.99","0.00","0","0.00","N"
"551433","Lavazza Aroma Piu Coffee Beans 6KG","69.99","0.00","0","0.00","Y"
"535351","Lavazza Blue Capsules - Crema Gusto Dolce x 100","34.99","0.00","0","15.00","N"
"535352","Lavazza Blue Capsules - Decaffeinato x 100","36.99","0.00","0","10.00","N"
"535350","Lavazza Blue Capsules - Delicato x 100","34.99","0.00","0","10.00","N"
"535348","Lavazza Blue Capsules - Espresso Amabile x 100","34.99","0.00","0","5.00","N"
"535347","Lavazza Blue Capsules - Espresso Intenso TOP CLASS - Double Shot x 100","54.99","0.00","0","0.00","N"
"535353","Lavazza Blue Capsules - Espresso Intenso TOP CLASS - Single Shot x 100","34.99","0.00","0","0.00","N"
"550032","Lavazza Blue Capsules - Ricco x 100","34.99","0.00","0","15.00","N"
"550033","Lavazza Blue Capsules - Rotondo x 100","44.00","0.00","0","5.00","N"
"535355","Lavazza Blue Capsules - Tierra Intenso Double Shot x 100","54.99","0.00","0","25.00","N"
"535354","Lavazza Blue Capsules - Tierra Intenso Single Shot x 100","34.99","0.00","0","15.00","N"
"551095","Lavazza Branded Double Wall Paper Cups","36.99","0.00","2","32.99","Y"
"536809","Lavazza Brown Sugar Sticks x 1000","9.29","0.00","0","0.00","Y"
"536815","Lavazza Cappuccino Cups & Saucers x 6","27.49","0.00","0","0.00","N"
"540269","Lavazza Coffee By The Bag","0.00","0.00","0","0.00","Y"
"536816","Lavazza Colazione Cups & Saucers x 6","49.99","0.00","0","0.00","N"
"536774","Lavazza Crema Aroma Blue Coffee Beans 6KG","62.99","0.00","0","0.00","Y"
"535345","Lavazza DEK Decaf Ground Sachets x 80","20.49","0.00","0","0.00","Y"
"551432","Lavazza Dek Decaffeinated Coffee Beans 500g","7.99","0.00","2","0.00","Y"
"536814","Lavazza Espresso Cups & Saucers","4.99","0.00","0","0.00","N"
"535342","Lavazza Gold Selection Coffee Beans 6KG","74.99","0.00","0","0.00","Y"
"535346","Lavazza Gran Crema ESE Pods x 150","36.49","0.00","0","0.00","Y"
"539762","Lavazza Gran Filtro Filter Coffee","39.99","0.00","2","28.49","N"
"535340","Lavazza Grand Espresso Coffee Beans 6KG","69.99","0.00","0","0.00","Y"
"540185","Lavazza Grande Ristorazione Coffee Beans 6KG","82.99","0.00","2","72.99","Y"
"536811","Lavazza Pavement Sign","29.99","0.00","0","0.00","N"
"535343","Lavazza Pienaroma Coffee Beans 6KG","79.99","0.00","0","0.00","Y"
"543991","Lavazza Qualita Rossa Coffee Beans 6KG","72.49","0.00","0","0.00","Y"
"535344","Lavazza Super Crema Coffee Beans 6KG","66.66","0.00","0","0.00","Y"
"535341","Lavazza Tierra Arabica Coffee Beans 6KG","68.99","0.00","0","0.00","Y"
"550034","Lavazza Top Class Coffee Beans 6KG","76.99","0.00","0","0.00","Y"
"536808","Lavazza White Sugar Sticks x 1000","9.29","0.00","0","0.00","Y"
"531917","Long Handled Latte Spoons x12","9.79","0.00","0","0.00","Y"
"549049","Lotus Biscoff Biscuit Crumb x 750g","3.49","0.00","0","0.00","Y"
"551261","Lotus Biscoff Squeezy Sauce 1KG","8.79","0.00","0","0.00","Y"
"531789","Lotus Caramelised Biscuits x 300","10.49","0.00","2","9.49","Y"
"549075","Macap M2D Mini On Demand Coffee Grinder","349.99","0.00","2","269.99","N"
"549074","Macap MXA Automatic Coffee Grinder","545.99","0.00","2","419.99","N"
"531924","Mango & Passionfruit Smoothie - 1 Ltr","4.79","0.00","0","0.00","Y"
"531663","Mango Smoothie Mix - 1 Ltr","4.79","0.00","0","0.00","Y"
"531962","Matrix Mini Magnum","1499.99","0.00","0","25.00","N"
"531748","Matrix Mini Monarch","1695.00","0.00","0","25.00","N"
"549076","Mazzer Super Jolly Coffee Grinder","799.99","0.00","2","489.99","N"
"543896","Mentos Mints Individually Wrapped x 700","21.29","0.00","0","0.00","Y"
"531759","Metal & Wooden Coffee Tampers","14.99","0.00","0","0.00","Y"
"538887","Metal Syrup Holder Stand - 3 Bottle","19.99","0.00","0","0.00","Y"
"531644","Milano Cafetiere Sachets x 100","38.99","0.00","0","0.00","Y"
"531716","Milano Ground Filter Coffee","26.99","0.00","0","0.00","Y"
"543194","Milfresh Gold Granulated Milk 10 x 500g","39.99","0.00","0","7.00","Y"
"538756","Milfresh Silver Granulated Milk 10 x 500g","36.99","0.00","0","10.00","Y"
"531792","Milk Frothing Spatula","3.49","0.00","0","0.00","Y"
"550159","Milk Pipe Cleaning Brush","1.99","0.00","0","0.00","Y"
"531721","Milk Steaming Thermometer","8.99","0.00","0","0.00","Y"
"531653","MilkShake Glasses x 6","22.49","0.00","0","0.00","N"
"532022","Millac Roselle Supreme Squirty Cream Aerosol 500g","3.99","0.00","0","0.00","Y"
"547437","MONIN Non Dairy Frappe Powder - 1.36 KG","17.99","0.00","0","50.00","Y"
"547351","Monin Syrups - Almond - 700ml","7.49","0.00","0","30.00","N"
"547358","Monin Syrups - Blackcurrant - 700ml","7.49","0.00","0","30.00","Y"
"547402","Monin Syrups - Chai Tea - 1 Litre","8.99","0.00","0","30.00","Y"
"547363","Monin Syrups - Chocolate - 1 Litre","8.99","0.00","0","30.00","Y"
"547366","Monin Syrups - Cinnamon - 1 Litre","8.99","0.00","0","30.00","Y"
"548070","Monin Syrups - Cloudy Lemonade - 1 Litre","9.49","0.00","0","30.00","Y"
"547374","Monin Syrups - Coffee - 700ml","7.49","0.00","0","30.00","Y"
"547377","Monin Syrups - Frosted Mint - 1 Litre","8.99","0.00","0","60.00","Y"
"547388","Monin Syrups - Praline - 1 Litre","8.99","0.00","0","30.00","Y"
"547421","Monin Syrups - Sugar Free Caramel - 1 Litre","9.49","0.00","0","30.00","Y"
"536976","Motta Latte Art Pen","7.29","0.00","0","0.00","N"
"536977","Motta Lattiera Deluxe Foaming Jug","21.99","0.00","0","5.00","N"
"545318","Motta Professional Barista Kit","69.99","0.00","0","0.00","Y"
"531702","Natural White Mini Marshmallows 1 KG","5.99","0.00","0","0.00","Y"
"546037","Nescafe Azera Americano Coffee Tin 500g","24.99","0.00","2","19.99","Y"
"531646","Nescafe Fairtrade Partners Blend Coffee 500g","19.49","0.00","0","0.00","Y"
"531737","Nescafe Gold Blend Coffee Sticks x 200","20.99","0.00","0","0.00","Y"
"531833","Nescafe Gold Blend Coffee Tin 750g","24.99","0.00","0","2.00","Y"
"550003","Nescafe Gold Blend Decaff Sticks x 200","23.49","0.00","0","0.00","N"
"531768","Nescafe Gold Blend Vending Coffee 10 x 300g","99.99","0.00","0","0.00","Y"
"531832","Nescafe Original Coffee Sticks x 200","17.49","0.00","0","0.00","Y"
"531834","Nescafe Original Decaf Coffee Tin 500g","21.49","0.00","0","5.00","Y"
"531835","Nescafe Original Decaf Sticks x 200","19.29","0.00","0","0.00","Y"
"532031","Nescafe Original Instant Coffee Tin 500g","21.49","0.00","0","0.00","Y"
"551099","Olympia Pump Action Airpot 2.5Ltr","34.99","0.00","2","28.99","Y"
"531798","Pallo Coffee Machine Cleaning Tool","8.99","0.00","0","0.00","Y"
"531941","Pallo GrinderMinder Brush","10.29","0.00","0","0.00","Y"
"531576","Pallo Steamy Wanda Cleaning Tool","5.99","0.00","0","0.00","Y"
"531717","Pallo Tool Heads - 3 Pack","9.99","0.00","0","0.00","Y"
"531944","PG Tips Tea Bags 1100 Pack","19.99","0.00","0","0.00","Y"
"531888","Pineapple & Passionfruit Smoothie Mix - 1 Ltr","4.79","0.00","0","0.00","Y"
"531672","PLA Biodegradable Smoothie Cups & Lids","32.99","0.00","0","2.00","N"
"531934","Plain White Paper Cups & Lids","42.99","0.00","0","10.00","N"
"531604","Plastic Coffee Stirrers 1 x 1000","4.49","0.00","0","0.00","Y"
"539517","Plastic Cups - Pint & Half Pint CE","24.99","0.00","0","5.00","N"
"531922","PP Recyclable Clear Plastic Smoothie Cups & Lids","29.99","0.00","0","7.00","N"
"531777","Premium Skimmed Milk Powder 10 x 500g","37.49","0.00","0","20.00","Y"
"531843","Puly Caff Cleaning Tablets","12.99","0.00","0","0.00","Y"
"531591","Puly Caff Cleaning Tablets For Egro, Etna, Solis Machines","13.49","0.00","0","0.00","Y"
"544968","Puly Espresso Machine Cleaning Kit","17.99","0.00","0","0.00","N"
"531575","Puly Grind - Grinder Cleaning Crystals","1.00","0.00","0","0.00","Y"
"531873","Pure Nicaraguan Coffee Beans - MICROLOT","54.99","0.00","0","0.00","Y"
"540133","PureGusto - Blue Mountain - ESE Coffee Pods x 100","28.99","0.00","0","18.00","N"
"549119","PureGusto - Honduras / Peruvian Blend  - Compostable Nespresso Capsules x 60","19.99","0.00","2","16.99","Y"
"536974","PureGusto Arabica Origins Variety Pack ESE Coffee Pods x 100","32.49","0.00","2","23.49","Y"
"548783","PureGusto Biodegradable Paper Straws 8 Inch x 500","9.99","0.00","2","5.99","Y"
"531724","PureGusto Branded Crockery Range","19.99","0.00","0","0.00","Y"
"531844","PureGusto Brown Sugar Sticks x 1000","7.99","0.00","2","0.00","Y"
"551034","PureGusto Bulletproof Mycotoxin Free Coffee","89.99","0.00","2","69.99","N"
"547907","PureGusto Chai Latte Powder 1 KG","10.99","0.00","2","8.99","Y"
"531643","PureGusto Colombian Rio Magdalena Coffee Beans 6KG","82.99","0.00","2","69.99","Y"
"531628","PureGusto Continental ESE Coffee Pods x 100","26.49","0.00","2","18.99","Y"
"531731","PureGusto Continental Intenso Coffee Beans 6KG","39.99","0.00","0","0.00","Y"
"531978","PureGusto Costa Rican ESE Coffee Pods x 100","29.99","0.00","2","20.49","Y"
"543937","PureGusto Customer Loyalty Cards x 100","2.99","0.00","0","0.00","N"
"531730","PureGusto Dark Italia Coffee Beans 6KG","47.99","0.00","0","0.00","Y"
"546102","PureGusto ESE Coffee Pods - Honduras Arabica x 100 - Unwrapped","25.49","0.00","2","16.99","N"
"531887","PureGusto ESE Coffee Pods - Mixed Variety Pack x 100","29.99","0.00","2","19.99","Y"
"531841","PureGusto Espresso Cleaning Powder 900g","9.99","0.00","0","10.00","Y"
"546679","PureGusto Frappe Mixes 1 KG","8.49","0.00","0","10.00","Y"
"547815","PureGusto Great Taste Award Mixed Coffee Sample Box 3 x 1 KG","34.99","0.00","2","27.99","Y"
"549027","PureGusto Great Taste Award Pavement Sign","59.99","0.00","1","20.00","N"
"532024","PureGusto Italian Caramelised Biscuits x 300","9.99","0.00","2","8.49","Y"
"531868","PureGusto Italian Passion ESE Pods x 100","28.99","0.00","2","20.99","Y"
"539851","PureGusto MAMA CATA - Great Taste Award - Coffee Beans 6KG","72.99","0.00","2","62.99","Y"
"541090","PureGusto MAMA CATA - Great Taste Award - ESE Pods x 100","29.99","0.00","2","23.49","Y"
"548782","PureGusto Mason Jars With Handles x 4 Set","12.99","0.00","2","6.99","Y"
"531927","PureGusto Premium Blend Hot Chocolate Powder","4.99","0.00","0","5.00","Y"
"531746","PureGusto Premium English Breakfast Tea Bags 1100 Pack","14.99","0.00","2","12.49","Y"
"531800","PureGusto Pure Arabica Coffee Beans 6KG","52.49","0.00","0","0.00","Y"
"531627","PureGusto Pure Arabica Coffee Pods x 100","24.99","0.00","2","19.49","Y"
"531842","PureGusto PureClean Cleaning Fluid - Jura Approved - 1 Ltr","9.99","0.00","0","0.00","Y"
"531732","PureGusto Romero Great Taste Award Coffee Beans 6KG","46.99","0.00","0","0.00","Y"
"545656","PureGusto SAMBA Peruvian Arabica Coffee Beans","59.99","0.00","2","49.99","Y"
"532016","PureGusto Shakes Mixed Case","64.99","0.00","2","0.00","Y"
"538208","PureGusto Signature - Great Taste Award - ESE Pods x 100","30.49","0.00","2","20.49","Y"
"531882","PureGusto Signature Great Taste Award Coffee Beans 6KG","59.99","0.00","2","57.49","Y"
"531929","PureGusto Sprinkler Pack","15.99","0.00","0","0.00","N"
"551153","PureGusto SUBLIMA Triple Certified Coffee Beans 6KG","84.99","0.00","2","72.99","Y"
"531632","PureGusto Sumatra Crema Coffee Pods x 100","24.99","0.00","2","21.29","Y"
"531629","PureGusto Swiss Water Decaf Espresso Pods x 100","26.99","0.00","2","20.49","Y"
"531845","PureGusto White Sugar Sticks x 1000","7.99","0.00","2","0.00","Y"
"531757","PureShakes - Banana Milkshake Mix 1 KG","12.99","0.00","0","5.00","Y"
"538868","PureShakes - Caramel Macchiato Shake Mix 1 KG","12.99","0.00","0","5.00","Y"
"538869","PureShakes - Choco Mint Milkshake Mix 1 KG","12.99","0.00","0","5.00","Y"
"531933","PureShakes - Chocolate Milkshake Mix 1 KG","12.99","0.00","0","5.00","Y"
"531875","PureShakes - Strawberry Milkshake Mix 1 KG","12.99","0.00","0","5.00","Y"
"531885","PureShakes - Vanilla Milkshake Mix 1 KG","12.99","0.00","0","0.00","Y"
"531870","PureShakes Milkshake Starter Kit","249.99","0.00","2","179.99","N"
"531633","Renegite Descaler Sachet","1.00","0.00","0","0.00","Y"
"551384","Rooibos Latte Powder","21.49","0.00","2","16.99","Y"
"531856","Rough Cut Sugar Cubes - White & Brown 1KG","4.49","0.00","0","0.00","Y"
"531935","Rubber Anti Scorch Steam Wand Sleeve","1.29","0.00","0","0.00","Y"
"531685","Rubber Cleaning Blank Disc","0.99","0.00","0","0.00","Y"
"543528","Santa Rosa Yellow Bourbon Coffee - Great Taste Award Winner","69.99","0.00","2","57.49","Y"
"537146","Seasonal Syrup Pack","21.49","0.00","0","5.00","N"
"531709","Semi Skimmed Milk Pots x 120","4.99","0.00","0","0.00","Y"
"539807","Semi Skimmed Milk Sticks x 240","8.99","0.00","0","0.00","Y"
"531640","Shmoo Banana Milkshake Mix 1.8 KG","34.99","0.00","0","3.00","Y"
"531641","Shmoo Chocolate MilkShake Mix 1.8 KG","34.99","0.00","0","3.00","Y"
"551235","Shmoo Chocolate Mint MilkShake Mix 1.8 KG","34.99","0.00","0","3.00","Y"
"531661","Shmoo Milk Shake Mixed Case","134.99","0.00","0","5.00","N"
"531905","Shmoo Strawberry Milk Shake Mix 1.8 KG","34.99","0.00","0","3.00","Y"
"551102","Shmoo Toppings - Fruit Crispies x 320g","5.08","0.00","0","0.00","N"
"531652","Shmoo Vanilla MilkShake Mix 1.8 KG","34.99","0.00","0","3.00","Y"
"531623","Signature - Great Taste Award - Cafetiere Sachets x 100","39.99","0.00","0","0.00","Y"
"531713","Signature - Great Taste Award Filter Sachets","28.99","0.00","0","0.00","Y"
"531910","Signature Freeze Dried Vending Coffee 10 x 300g","54.99","0.00","0","0.00","Y"
"531807","Simply - Natural Coffee Syrups - 1 Ltr","6.99","0.00","2","5.99","Y"
"551164","Simply Almond ORGANIC Coffee Syrup - 1 Litre","10.99","0.00","2","9.29","Y"
"547442","Simply Almond Syrup - 1 Litre","6.99","0.00","2","5.99","Y"
"547443","Simply Amaretto Syrup - 1 Litre","6.99","0.00","2","5.99","Y"
"547444","Simply Apricot Syrup - 1 Litre","6.99","0.00","2","5.99","Y"
"547419","SIMPLY Banana Puree - 1 Litre","12.99","0.00","2","11.49","Y"
"547445","Simply Banana Syrup - 1 Litre","6.99","0.00","2","5.99","Y"
"547446","Simply Banoffee Syrup - 1 Litre","6.99","0.00","2","5.99","Y"
"547467","Simply Black Forest Fruits Syrup - 1 Litre","6.99","0.00","2","5.99","Y"
"547447","Simply Blackberry Syrup - 1 Litre","6.99","0.00","2","5.99","Y"
"547448","Simply Blueberry Syrup - 1 Litre","6.99","0.00","2","5.99","Y"
"547449","Simply Bubblegum Syrup - 1 Litre","6.99","0.00","2","5.99","Y"
"547450","Simply Butterscotch Syrup - 1 Litre","6.99","0.00","2","5.99","Y"
"548372","Simply Candy Floss Syrup - 1 Litre","6.99","0.00","2","5.99","Y"
"551165","Simply Caramel ORGANIC Coffee Syrup - 1 Litre","10.99","0.00","2","9.29","Y"
"547451","Simply Caramel Syrup - 1 Litre","6.99","0.00","2","5.99","Y"
"547452","Simply Cheesecake Syrup - 1 Litre","6.99","0.00","2","5.99","Y"
"547453","Simply Cherry Syrup - 1 Litre","6.99","0.00","2","5.99","Y"
"547454","Simply Chestnut Praline Syrup - 1 Litre","6.99","0.00","2","5.99","Y"
"548751","Simply Chocolate Frappe Mix 1.75 KG","16.99","0.00","2","13.79","Y"
"547456","Simply Chocolate Mint Syrup - 1 Litre","6.99","0.00","2","5.99","Y"
"547455","Simply Chocolate Syrup - 1 Litre","6.99","0.00","2","5.99","Y"
"547457","Simply Christmas Pudding Syrup - 1 Litre","6.99","0.00","2","5.99","Y"
"547458","Simply Cinnamon Syrup - 1 Litre","6.99","0.00","2","5.99","Y"
"551226","Simply Cloudy Rhubarb Lemonade Syrup - 1 Litre","7.99","0.00","2","6.99","Y"
"547459","Simply Coconut Syrup - 1 Litre","6.99","0.00","2","5.99","Y"
"548752","Simply Coffee Frappe Mix 1.75 KG","16.99","0.00","2","13.99","Y"
"548166","Simply Coffee Syrup - 1 Litre","6.99","0.00","2","5.99","Y"
"546924","Simply Cookies & Cream Frappe 1.75KG","15.99","0.00","0","20.00","Y"
"547460","Simply Creme Brulee Syrup - 1 Litre","6.99","0.00","2","5.99","Y"
"547461","Simply Cupcake Syrup - 1 Litre","6.99","0.00","2","5.99","Y"
"547465","Simply Eggnog Syrup - 1 Litre","6.99","0.00","2","5.99","Y"
"551156","Simply Elderflower Syrup - 1 Litre","6.99","0.00","2","5.99","Y"
"547466","Simply English Toffee Syrup - 1 Litre","6.99","0.00","2","5.99","Y"
"547468","Simply French Vanilla Syrup - 1 Litre","6.99","0.00","2","5.99","Y"
"547469","Simply Gingerbread Syrup - 1 Litre","6.99","0.00","2","5.99","Y"
"547470","Simply Green Apple Syrup - 1 Litre","6.99","0.00","2","5.99","Y"
"547471","Simply Grenadine Syrup - 1 Litre","6.99","0.00","2","5.99","Y"
"537090","Simply Handheld Gourmet Sauces - 1KG","7.49","0.00","0","0.00","Y"
"547472","Simply Hazelnut Syrup - 1 Litre","6.99","0.00","2","5.99","Y"
"547479","Simply Honeycomb Syrup - 1 Litre","6.99","0.00","2","5.99","Y"
"548167","Simply Hot Cross Bun Syrup - 1 Litre","6.99","0.00","2","5.99","Y"
"547646","Simply Hot Spiced Apple Winter Warmer Syrup - 1 Litre","7.99","0.00","2","6.99","Y"
"547480","Simply Irish Cream Syrup - 1 Litre","6.99","0.00","2","5.99","Y"
"531581","Simply Italian Wafers x 20","10.99","0.00","0","5.00","N"
"547693","Simply Jasmine and Lime Iced Tea Syrup - 1 Litre","6.99","0.00","2","5.99","Y"
"547508","Simply Kiwi Syrup - 1 Litre","6.99","0.00","2","5.99","Y"
"547643","Simply Lemon and Ginger Winter Warmer Syrup - 1 Litre","7.99","0.00","2","6.99","Y"
"547644","Simply Lemon and Honey Winter Warmer Syrup - 1 Litre","7.99","0.00","2","6.66","Y"
"547509","Simply Lemon Syrup - 1 Litre","6.99","0.00","2","5.99","Y"
"547510","Simply Lime Syrup - 1 Litre","6.99","0.00","2","5.99","Y"
"547412","SIMPLY Mango Fruit Puree - 1 Litre","12.99","0.00","2","11.49","Y"
"547513","Simply Mango Syrup - 1 Litre","6.99","0.00","2","5.99","Y"
"543898","Simply Mini Retail Coffee Syrups 250ml","2.99","0.00","0","0.00","Y"
"547519","Simply Mint Syrup - 1 Litre","6.99","0.00","2","5.99","Y"
"548753","Simply Mocha Frappe Mix 1.75 KG","16.99","0.00","2","13.79","Y"
"547520","Simply Mojito Mint Syrup - 1 Litre","6.99","0.00","2","5.99","Y"
"547645","Simply Mulled Fruit Winter Warmer Syrup - 1 Litre","7.99","0.00","2","6.99","Y"
"531648","Simply Natural Coffee Syrups Starter Kit","28.49","0.00","2","17.85","N"
"547521","Simply Orange Syrup - 1 Litre","6.99","0.00","2","5.99","Y"
"548003","Simply Original Hot Chocolate Powder 2 KG","13.49","0.00","2","12.49","Y"
"548101","Simply Panettone Syrup - 1 Litre","6.99","0.00","2","5.99","Y"
"547694","Simply Passion Fruit and Lemon Iced Tea Syrup - 1 Litre","6.99","0.00","2","5.99","Y"
"547414","SIMPLY Passion Fruit Puree - 1 Litre","12.99","0.00","2","11.49","Y"
"547522","Simply Passion Fruit Syrup - 1 Litre","6.99","0.00","2","5.99","Y"
"547695","Simply Peach Iced Tea Syrup - 1 Litre","6.99","0.00","2","5.99","Y"
"547523","Simply Peach Syrup - 1 Litre","6.99","0.00","2","5.99","Y"
"547539","Simply Peanut Butter Syrup - 1 Litre","6.99","0.00","2","5.99","Y"
"547525","Simply Pear Syrup - 1 Litre","6.99","0.00","2","5.99","Y"
"547543","Simply Pineapple Syrup - 1 Litre","6.99","0.00","2","5.99","Y"
"551158","Simply Pistachio Syrup - 1 Litre","6.99","0.00","2","5.99","Y"
"547559","Simply Pomegranate Syrup - 1 Litre","6.99","0.00","2","5.99","Y"
"548165","Simply Popcorn Syrup - 1 Litre","6.99","0.00","2","5.99","Y"
"547560","Simply Pumpkin Spice Syrup - 1 Litre","6.99","0.00","2","5.99","Y"
"547416","SIMPLY Raspberry Fruit Puree - 1 Litre","12.99","0.00","2","11.49","Y"
"547562","Simply Raspberry Syrup - 1 Litre","6.99","0.00","2","5.99","Y"
"547561","Simply Red Velvet Syrup - 1 Litre","6.99","0.00","2","5.99","Y"
"551159","Simply Rhubarb Syrup - 1 Litre","6.99","0.00","2","5.99","Y"
"548091","Simply Rose Syrup - 1 Litre","6.99","0.00","2","5.99","Y"
"551166","Simply Salted Caramel ORGANIC Coffee Syrup - 1 Litre","10.99","0.00","2","9.29","Y"
"547566","Simply Salted Caramel Syrup - 1 Litre","6.99","0.00","2","5.99","Y"
"531609","Simply Spiced Chai Latte 1KG","11.99","0.00","2","10.99","Y"
"547569","Simply Spiced Chai Syrup - 1 Litre","6.99","0.00","2","5.99","Y"
"547417","SIMPLY Strawberry Fruit Puree - 1 Litre","12.99","0.00","2","11.49","Y"
"547584","Simply Strawberry Syrup - 1 Litre","6.99","0.00","2","5.99","Y"
"551160","Simply Sugar Free Almond Syrup - 1 Litre","7.99","0.00","2","6.99","Y"
"548771","Simply Sugar Free Amaretto Syrup - 1 Litre","7.99","0.00","2","6.99","Y"
"547638","Simply Sugar Free Caramel Syrup - 1 Litre","7.99","0.00","2","6.99","Y"
"547639","Simply Sugar Free Chocolate Syrup - 1 Litre","7.99","0.00","2","6.99","Y"
"551161","Simply Sugar Free Cinnamon Syrup - 1 Litre","7.99","0.00","2","6.99","Y"
"548770","Simply Sugar Free Gingerbread Syrup - 1 Litre","7.99","0.00","2","6.99","Y"
"547640","Simply Sugar Free Hazelnut Syrup - 1 Litre","7.99","0.00","2","6.99","Y"
"551163","Simply Sugar Free Raspberry Syrup - 1 Litre","7.99","0.00","2","6.99","Y"
"548772","Simply Sugar Free Salted Caramel Syrup - 1 Litre","7.99","0.00","2","6.99","Y"
"551162","Simply Sugar Free Strawberry Syrup - 1 Litre","7.99","0.00","2","6.99","Y"
"548773","Simply Sugar Free Sugar Syrup - 1 Litre","7.99","0.00","2","6.99","Y"
"547641","Simply Sugar Free Vanilla Syrup - 1 Litre","7.99","0.00","2","6.99","Y"
"547585","Simply Sugar Syrup - 1 Litre","6.99","0.00","2","5.99","Y"
"537098","Simply Syrup - Chocolate Mint","5.99","0.00","0","0.00","Y"
"537091","Simply Syrup - Christmas Pudding","5.99","0.00","0","0.00","Y"
"537093","Simply Syrup - Cinnamon - 1 Ltr","5.99","0.00","0","0.00","Y"
"537097","Simply Syrup - Gingerbread - 1 Ltr","5.99","0.00","0","0.00","Y"
"537095","Simply Syrup - Toasted Marshmallow  - 1 Ltr","5.99","0.00","0","0.00","Y"
"531869","Simply Syrups - Fruit Flavours - 1 Ltr","6.99","0.00","2","5.99","Y"
"535676","Simply Syrups - Sugar Free Range - 1 Ltr","6.99","0.00","0","0.00","Y"
"531679","Simply Thick Gourmet Sauces 1.9 Ltr","12.99","0.00","0","0.00","Y"
"547588","Simply Toasted Marshmallow Syrup - 1 Litre","6.99","0.00","2","5.99","Y"
"548750","Simply Toffee Frappe Mix 1.75 KG","16.99","0.00","0","13.79","Y"
"551101","Simply Toppings - Diced Caramel Topping x 500g","8.99","0.00","0","0.00","N"
"551100","Simply Toppings - Golden Pearls x 500g","8.99","0.00","0","0.00","N"
"547590","Simply Tropical Fruits Syrup - 1 Litre","6.99","0.00","2","5.99","Y"
"531828","Simply Vanilla Chai Latte 1 KG","10.99","0.00","2","0.00","Y"
"548754","Simply Vanilla Frappe Mix 1.75 KG","16.99","0.00","2","13.79","Y"
"551167","Simply Vanilla ORGANIC Coffee Syrup - 1 Litre","10.99","0.00","2","9.29","Y"
"547592","Simply Vanilla Syrup - 1 Litre","6.99","0.00","2","5.99","Y"
"551157","Simply Violet Syrup - 1 Litre","6.99","0.00","2","5.99","Y"
"547594","Simply Watermelon Syrup - 1 Litre","6.99","0.00","2","5.99","Y"
"535781","Simply White Chocolate Frappe Mix 1.75 KG","15.99","0.00","0","0.00","Y"
"547597","Simply White Chocolate Syrup - 1 Litre","6.99","0.00","2","5.99","Y"
"544040","Simply Winter Warmers 1 Ltr","7.99","0.00","2","6.99","Y"
"531678","Smaller Packs Of Coffee","0.00","0.00","0","0.00","N"
"534893","Soup & Porridge Pots & Lids","34.99","0.00","0","0.00","N"
"531611","Stainless Chocolate Shaker With Handle","7.99","0.00","0","0.00","Y"
"531840","Stainless Milk Foaming Jug","8.99","0.00","0","0.00","N"
"531729","Stainless Steel Knockout Drawer","149.95","0.00","2","99.99","N"
"531626","Stainless Steel Whisk","2.29","0.00","0","0.00","Y"
"531668","Strawberry & Banana Smoothie Mix - 1 Ltr","4.79","0.00","0","0.00","Y"
"531664","Strawberry Smoothie Mix - 1 Ltr","4.79","0.00","0","0.00","Y"
"546576","Sub Product 1","0.00","0.00","0","0.00","N"
"546585","Sub Product 10","0.00","0.00","0","0.00","N"
"546577","Sub Product 2","0.00","0.00","0","0.00","N"
"546578","Sub Product 3","0.00","0.00","0","0.00","N"
"546579","Sub Product 4","0.00","0.00","0","0.00","N"
"546580","Sub Product 5","0.00","0.00","0","0.00","N"
"546581","Sub Product 6","0.00","0.00","0","0.00","N"
"546582","Sub Product 7","0.00","0.00","0","0.00","N"
"551145","sub product 7","0.00","0.00","0","0.00","N"
"546583","Sub Product 8","0.00","0.00","0","0.00","N"
"546584","Sub Product 9","0.00","0.00","0","0.00","N"
"531667","Summer Fruits Smoothie Mix - 1 Ltr","4.79","0.00","0","0.00","Y"
"547292","Sweetbird Almond Syrup - 1 Litre","7.49","0.00","2","6.66","Y"
"547295","Sweetbird Amaretto Syrup - 1 Litre","7.49","0.00","2","6.66","Y"
"547324","Sweetbird Banana Syrup - 1 litre","7.49","0.00","2","6.66","Y"
"547296","Sweetbird Butterscotch Syrup - 1 Litre","7.49","0.00","2","6.66","Y"
"547298","Sweetbird Cane Sugar Syrup - 1 Litre","7.49","0.00","2","6.66","Y"
"547300","Sweetbird Caramel Syrup - 1 Litre","7.49","0.00","2","6.66","Y"
"547301","Sweetbird Chai Syrup - 1 Litre","7.49","0.00","2","6.66","Y"
"547325","Sweetbird Cherry Syrup - 1 Litre","7.49","0.00","2","6.66","Y"
"547302","Sweetbird Chilli Syrup - 1 Litre","7.49","0.00","2","6.66","Y"
"547303","Sweetbird Chocolate Syrup - 1 Litre","7.49","0.00","2","6.66","Y"
"547305","Sweetbird Cinnamon Syrup - 1 Litre","7.49","0.00","2","6.66","Y"
"547306","Sweetbird Coconut Syrup - 1 Litre","7.49","0.00","2","6.66","Y"
"547737","Sweetbird Cucumber and Mint Iced Green Tea Syrup - 1 Litre","7.49","0.00","2","6.66","Y"
"547307","Sweetbird Eggnog Syrup - 1 Litre","7.49","0.00","2","6.66","Y"
"547308","Sweetbird English Toffee Syrup - 1 Litre","7.49","0.00","2","6.66","Y"
"547309","Sweetbird French Vanilla Syrup - 1 Litre","7.49","0.00","2","6.66","Y"
"547310","Sweetbird Fudge Syrup - 1 Litre","7.49","0.00","2","6.66","Y"
"547311","Sweetbird Gingerbread Syrup - 1 Litre","7.49","0.00","2","6.66","Y"
"547312","Sweetbird Hazelnut Syrup - 1 litre","7.49","0.00","2","6.66","Y"
"549068","Sweetbird Honeycomb Syrup - 1 Litre","7.49","0.00","2","6.66","Y"
"547739","Sweetbird Iced Original Tea Syrup - 1 Litre","7.49","0.00","2","6.66","Y"
"531624","Sweetbird Iced Teas & Chai","7.49","0.00","2","6.66","Y"
"547313","Sweetbird Irish Cream Syrup - 1 Litre","7.49","0.00","2","6.66","Y"
"547742","Sweetbird Jasmine And Lime Iced Tea Syrup - 1 Litre","7.49","0.00","2","6.66","Y"
"547714","Sweetbird Lemonade Syrup - 1 Litre","7.49","0.00","2","6.66","Y"
"547327","Sweetbird Lime Syrup - 1 Litre","7.49","0.00","2","6.66","Y"
"547314","Sweetbird Mint Syrup - 1 Litre","7.49","0.00","2","6.66","Y"
"547328","Sweetbird Orange Syrup - 1 litre","7.49","0.00","2","6.66","Y"
"547743","Sweetbird Passion Fruit And Lemon Iced Tea Syrup - 1 Litre","7.49","0.00","2","6.66","Y"
"547745","Sweetbird Peach Iced Tea Syrup - 1 Litre","7.49","0.00","2","6.66","Y"
"547331","Sweetbird Peach Syrup - 1 Litre","7.49","0.00","2","6.66","Y"
"547315","Sweetbird Peanut Butter Syrup - 1 Litre","7.49","0.00","2","6.66","Y"
"547717","Sweetbird Pink Grapefruit Syrup - 1 Litre","7.49","0.00","2","6.66","Y"
"547316","Sweetbird Pumpkin Spice Syrup - 1 litre","7.49","0.00","2","6.99","N"
"547718","Sweetbird Raspberry & Pomegranate Syrup - 1 Litre","7.49","0.00","2","6.66","Y"
"547747","Sweetbird Raspberry Iced Tea Syrup - 1 Litre","7.49","0.00","2","6.99","Y"
"547332","Sweetbird Raspberry Syrup - 1 Litre","7.49","0.00","2","6.66","Y"
"551169","Sweetbird Rhubarb Syrup - 1 Litre","7.49","0.00","2","6.66","Y"
"547318","Sweetbird Salted Caramel Syrup - 1 Litre","7.49","0.00","2","6.66","Y"
"547317","Sweetbird Smores Syrup - 1 Litre","7.49","0.00","2","6.66","Y"
"551385","Sweetbird Speculoos Syrup - 1 Litre","7.49","0.00","2","6.66","Y"
"547333","Sweetbird Strawberry Syrup - 1 Litre","7.49","0.00","2","6.66","Y"
"547723","Sweetbird Sugar Free Caramel Syrup - 1 Litre","7.99","0.00","2","6.99","Y"
"547724","Sweetbird Sugar Free Gingerbread Syrup - 1 Litre","7.99","0.00","2","6.99","Y"
"547727","Sweetbird Sugar Free Hazelnut Syrup - 1 Litre","7.99","0.00","2","6.99","Y"
"551174","Sweetbird Sugar Free Peach Iced Tea Syrup - 1 Litre","7.99","0.00","0","6.99","Y"
"551175","Sweetbird Sugar Free Raspberry Iced Tea Syrup - 1 Litre","7.99","0.00","2","6.99","Y"
"551171","Sweetbird Sugar Free Salted Caramel Syrup - 1 Litre","7.99","0.00","2","6.99","Y"
"547728","Sweetbird Sugar Free Vanilla Syrup - 1 Litre","7.99","0.00","2","6.99","Y"
"537073","Sweetbird Syrups - Coffee Flavours - 1 Ltr","6.66","0.00","2","6.66","Y"
"537074","Sweetbird Syrups - Fruit Flavours - 1 Ltr","6.66","0.00","2","6.66","Y"
"537075","Sweetbird Syrups - Sugar Free Range - 1 Ltr","7.99","0.00","2","6.99","Y"
"547319","Sweetbird Toasted Marshmallow Syrup - 1 Litre","7.49","0.00","2","6.66","Y"
"547320","Sweetbird Toffee Apple Syrup - 1 Litre","7.49","0.00","2","6.66","N"
"551386","Sweetbird Toffee Nut Syrup - 1 Litre","7.49","0.00","2","6.66","N"
"547321","Sweetbird Vanilla Syrup - 1 Litre","7.49","0.00","2","6.66","Y"
"547748","Sweetbird Watermelon Iced Tea Syrup - 1 Litre","7.49","0.00","2","6.66","Y"
"547322","Sweetbird White Chocolate Syrup - 1 Litre","7.49","0.00","2","6.66","Y"
"531822","Swirl Design Take Out Cups & Lids","18.99","0.00","0","30.00","N"
"531719","Swiss Water Decaffeinated Filter Coffee Sachets","29.99","0.00","0","0.00","N"
"531855","Swizzle Sugar Sticks x 100","24.99","0.00","0","0.00","Y"
"531825","Syrup Pumps","2.99","0.00","0","0.00","Y"
"537133","Tate & Lyle Zucro Sweetener Sachets x 1000","10.49","0.00","2","0.00","Y"
"550004","Tate & Lyle Zucro Sweetener Sticks x 1000","11.49","0.00","0","0.00","Y"
"531708","Tazza Latte Glasses","16.99","0.00","0","20.00","Y"
"531943","Tea / Coffee Whitener 10 x 500g","27.99","0.00","0","0.00","Y"
"548807","test product1","0.01","0.01","0","0.00","N"
"543129","Tetley Decaf Tea x 440 - Great Taste Award Winner","13.49","0.00","0","0.00","Y"
"551176","Tetley Tea - String & Tag Variety Box - 90 Mixed Tea Bags","16.99","0.00","2","14.99","Y"
"531747","Tetley Tea Bags 1100 Pack","24.99","0.00","2","18.99","N"
"531622","Thick Pro Rubber Tamping Mat","7.29","0.00","0","0.00","N"
"531960","Toppings Pack","21.49","0.00","2","18.99","N"
"548551","Twinings  Strawberry & Cucumber SuperBlend Tea Bags","2.89","0.00","0","0.00","Y"
"548115","Twinings Blackcurrant & Blueberry","2.29","0.00","0","0.00","Y"
"550041","Twinings Cherry Bake well Green Tea","2.69","0.00","0","0.00","N"
"548777","Twinings Cold Infuse - Blueberry, Apple & Blackcurrant x 25","12.50","0.00","0","30.00","Y"
"548776","Twinings Cold Infuse - Passionfruit, Mango & Blood Orange x 25","12.50","0.00","0","30.00","Y"
"548778","Twinings Cold Infuse - Watermelon, Strawberry & Mint x 25","12.50","0.00","0","30.00","Y"
"531751","Twinings Cranberry & Raspberry Infusion","2.29","0.00","0","0.00","Y"
"531620","Twinings Darjeeling Tea","4.49","0.00","0","0.00","N"
"531606","Twinings Decaf Tea x 20","2.99","0.00","0","0.00","Y"
"531617","Twinings Earl Grey Tea","4.49","0.00","0","10.00","N"
"538837","Twinings Everyday Tea Bags","3.99","0.00","0","0.00","Y"
"545996","Twinings Everyday Tea Bags x 1200","37.49","0.00","0","5.00","Y"
"543899","Twinings Fruit & Herbal Mixed Selections x 50","24.99","0.00","2","9.99","Y"
"550155","Twinings Fruit Selection Teas x 20","2.69","0.00","0","0.00","Y"
"536665","Twinings Green Tea & Gingerbread","2.69","0.00","2","0.00","Y"
"534900","Twinings Green Tea & Jasmine","2.69","0.00","0","0.00","Y"
"536666","Twinings Green Tea & Salted Caramel","2.69","0.00","0","0.00","Y"
"531753","Twinings Lemon & Ginger","2.29","0.00","2","0.00","Y"
"539899","Twinings Loose Leaf Pyramid - Caramel Redbush","3.45","0.00","0","25.00","Y"
"539896","Twinings Loose Leaf Pyramid - Super fruity","3.45","0.00","0","25.00","Y"
"548552","Twinings MATCHA SuperBlend Tea Bags","2.89","0.00","0","0.00","Y"
"531618","Twinings Pure Assam Tea","2.49","0.00","0","10.00","Y"
"531607","Twinings Pure Camomile Infusion","2.29","0.00","0","0.00","Y"
"531752","Twinings Pure Green Tea","2.69","0.00","0","0.00","Y"
"531750","Twinings Pure Peppermint Infusion","2.29","0.00","0","0.00","Y"
"551096","Twinings Redbush","2.49","0.00","0","0.00","Y"
"549077","Twinings Strawberry & Raspberry Infusion Tea","2.29","0.00","0","0.00","Y"
"531608","Twinings Traditional English Breakfast Tea","4.49","0.00","0","0.00","Y"
"551240","Twinings TURMERIC SuperBlend Tea Bags","2.89","0.00","0","0.00","Y"
"538863","Twinings Wooden Tea Chest - 12 Slot","34.99","0.00","0","0.00","N"
"551264","Ultimate Eco Friendly Bamboo Coffee Cups - Biodegradable & Compostable Cups","49.99","0.00","0","15.00","N"
"531889","Utopia Coffee Mugs","9.99","0.00","0","0.00","Y"
"540218","Van Houten Special Bar Chocolate 1 KG","6.99","0.00","2","0.00","Y"
"545909","Van Houten White Hot Chocolate Drink 750g","6.49","0.00","0","0.00","Y"
"531675","Venezia Italian ShortBread Biscuits x 500","13.49","0.00","2","0.00","Y"
"531715","Vienna Filter Coffee Sachets x 50","24.99","0.00","0","0.00","Y"
"539449","White Dispenser Napkins x 3000","19.99","0.00","0","0.00","Y"
"531625","White Paper Napkins 33cm x 100","1.49","0.00","0","0.00","Y"
"539433","White Sugar Sachets x 1000","6.99","0.00","2","0.00","Y"
"531850","Whole Milk Pots x 120","4.99","0.00","0","0.00","Y"
"546334","WMF 1100S Bean To Cup Coffee Machine","3495.00","0.00","2","2795.00","N"
"531877","WMF 1200S Bean To Cup Coffee Machine","3995.00","0.00","2","3195.00","N"
"531680","WMF 1500S Classic Bean To Cup Coffee Machine","6995.00","0.00","2","5465.00","N"
"551144","WMF 5000 S Plus Coffee Machine","8495.00","0.00","0","10.00","N"
"531758","WMF 5000S Bean To Cup Coffee Machine","7200.00","0.00","0","10.00","N"
"550031","WMF 9000S Plus Coffee Machine","11900.00","0.00","0","5.00","N"
"550040","WMF Cleaning Tablets - 100 x 1.3g","18.99","0.00","0","0.00","N"
"550038","WMF Liquid Descaling - 750ml","7.29","0.00","0","0.00","N"
"547420","WMF Milk Cleaning Fluid - 1 Litre","12.99","0.00","0","0.00","Y"
"550039","WMF Special Milk Cleaning Tablets - 100 Tablets","59.99","0.00","0","0.00","N"
"531574","WMF Water Filter","22.49","0.00","0","0.00","Y"
"531795","Wooden Coffee Stirrers","3.99","0.00","0","0.00","Y"
"537265","XMAS Pattern Double Wall Christmas Cups - Cancer Research Support","12.99","0.00","0","40.00","N"
"541481","YumCha Earl Grey Iced Tea","5.99","0.00","2","1.99","N"
"541474","YumCha Moroccan Mint Iced Tea","5.99","0.00","2","2.79","N"
"549072","Zuma Chocolate Sprinkler","3.29","0.00","0","0.00","Y"
"536975","Zuma Dark FairTrade Hot Chocolate Powder 2 KG","16.49","0.00","0","0.00","Y"
"540385","Zuma Gold Dust Sprinkler","4.99","0.00","0","0.00","Y"
"544243","Zuma Original Hot Chocolate Bags 1 KG","6.99","0.00","0","0.00","Y"
"531688","Zuma Original Hot Chocolate Powder 2 KG","13.49","0.00","0","0.00","Y"
"531603","Zuma Spiced Chai Tin 1 KG","12.49","0.00","0","0.00","Y"
"531761","Zuma Sweetbird Caffe Frappe Mix 2 KG","17.99","0.00","0","0.00","Y"
"531692","Zuma Sweetbird Chocolate Frappe Mix 2 KG","18.99","0.00","0","0.00","Y"
"535338","Zuma Sweetbird Cookies & Cream Frappe Mix 2 KG","19.99","0.00","0","0.00","Y"
"531655","Zuma Sweetbird Mocha Frappe Mix 2 KG","17.99","0.00","0","0.00","Y"
"531694","Zuma Sweetbird Sticky Toffee Frappe Mix 2 KG","19.99","0.00","0","0.00","Y"
"546760","Zuma Sweetbird Thick Sauces - 1.9 Litre","13.99","0.00","0","20.00","Y"
"531693","Zuma Sweetbird Vanilla Bean Non-Dairy Frappe Mix 2 KG","17.99","0.00","0","0.00","Y"
"538926","Zuma Sweetbird Yoghurt Frappe Mix 2 KG","16.99","0.00","0","0.00","Y"
"531914","Zuma Vanilla Chai Tin 1 KG","12.49","0.00","0","0.00","Y"
"531937","Zuma White Hot Chocolate 2 KG","18.49","0.00","0","0.00","Y"
