"Product Id","Var Id","Var Name","Value Exists","Value Id","Value Caption","Var Price"
"542800","171738","SIZE OPTIONS","1","740015","3M ScaleGard Pro 145 - 1600ltrs","36.74"
"542800","171738","SIZE OPTIONS","1","740016","3M ScaleGard Pro 165 - 2300ltrs","56.74"
"542800","171738","SIZE OPTIONS","1","740017","3M ScaleGard Pro 195 - 3800ltrs","76.74"
"542800","171738","SIZE OPTIONS","1","740018","3M ScaleGard Pro MAXI - 6000ltrs","101.74"
"542800","171738","SIZE OPTIONS","1","740014","3M Standard Head Unit","0.00"
"542800","171738","SIZE OPTIONS","1","740029","3M MAXI Head Unit","3.74"
"531619","173633","Water Cup Colour Option","1","747490","Clear 7oz Water Cups x 1000","0.00"
"531619","173633","Water Cup Colour Option","1","747491","Blue 7oz Water Cups x 1000","1.00"
"531718","161194","Pack Size","1","702048","50 x 3 Pint - Filter Coffee Sachets","0.00"
"531718","161194","Pack Size","1","702049","6 x 1 Kilo Bags","30.00"
"547535","173659","Barista Cups Or Lid Options","1","747579","Barista Designs - 8oz Cups x 500","0.00"
"547535","173659","Barista Cups Or Lid Options","1","747581","Barista Designs - 16oz Cups x 500","8.00"
"547535","173659","Barista Cups Or Lid Options","1","747582","White Lids - 8oz x 1000","-10.00"
"547535","173659","Barista Cups Or Lid Options","1","747583","Black Lids - 8oz x 1000","-10.00"
"547535","173659","Barista Cups Or Lid Options","1","747584","White Lids - 12/16oz x 1000","-9.00"
"547535","173659","Barista Cups Or Lid Options","1","747585","Black Lids - 12/16oz x 1000","-9.00"
"531770","161222","Milano Cup Option","1","702130","8/9oz Benders Milano Cups (1190)","25.00"
"531770","161222","Milano Cup Option","1","702131","16oz Benders Milano Cups (480)","5.00"
"531770","161222","Milano Cup Option","1","702136","4oz Benders Milano Cups (1540)","15.00"
"531770","161222","Milano Cup Option","1","702132","4oz Lids - White (500)","-24.50"
"531770","161222","Milano Cup Option","1","702133","8/9oz Lids - White (1000)","-17.00"
"531770","161222","Milano Cup Option","1","702135","16oz Lids - White (1000)","-16.00"
"540296","170394","Colour Option","1","757926","Clear Bendy Straws x 250","0.00"
"540296","170394","Colour Option","1","750565","Neon Multi Coloured Bendy Straws x 250","0.00"
"540296","170394","Colour Option","1","730805","Black Bendy Straws x 250","0.00"
"531911","173498","Select Your Scoop Type","1","746914","32CC Scoop - Small Hot Chocolate","0.00"
"531911","173498","Select Your Scoop Type","1","746913","60CC Scoop -  Large Hot Chocolate / Frappes","0.00"
"531911","173498","Select Your Scoop Type","1","747776","43CC Scoop - Chai","0.00"
"531911","173498","Select Your Scoop Type","1","746915","15ML Scoop - Small Shakes (Shmoo / Pureshakes)","0.00"
"531911","173498","Select Your Scoop Type","1","746916","25ML Scoop - Large Shakes (Shmoo / Pureshakes)","0.00"
"548774","174391","Double Wall BIO Cup Or Lid Option","1","750540","8oz Double Wall Bio Cup (500)","6.00"
"548774","174391","Double Wall BIO Cup Or Lid Option","1","750541","12oz Double Wall Bio Cup (500)","12.00"
"548774","174391","Double Wall BIO Cup Or Lid Option","1","750542","16oz Double Wall Bio Cup (500)","14.50"
"548774","174391","Double Wall BIO Cup Or Lid Option","1","759508","10oz Double Wall Bio Cup (500) *NEW*","10.00"
"548774","174391","Double Wall BIO Cup Or Lid Option","1","750543","8oz CPLA Bio Sip Lids (1000)","0.00"
"548774","174391","Double Wall BIO Cup Or Lid Option","1","750544","10-16oz CPLA White Sip Lids (1000)","2.00"
"548774","174391","Double Wall BIO Cup Or Lid Option","1","750545","8oz White Sip Lids [Non Bio] (1000)","-14.00"
"548774","174391","Double Wall BIO Cup Or Lid Option","1","750546","10-16oz White Sip Lids [Non Bio] (1000)","-13.00"
"531631","161152","Biodegradable Coffee Cup Options","1","756293","4oz Espresso - Single Wall - Bio Cups x 500","-33.00"
"531631","161152","Biodegradable Coffee Cup Options","1","701694","8oz - Single Wall - Bio Cups (1000)","0.00"
"531631","161152","Biodegradable Coffee Cup Options","1","701699","12oz - Single Wall - Bio Cups (1000)","5.00"
"531631","161152","Biodegradable Coffee Cup Options","1","701700","16oz - Single Wall - Bio Cups (1000)","13.00"
"531631","161152","Biodegradable Coffee Cup Options","1","701696","8oz Sip Lids - Black (1000) [Non Bio] x 1000","-27.00"
"531631","161152","Biodegradable Coffee Cup Options","1","701695","8oz Sip Lids - White (1000) [Non Bio] x 1000","-27.00"
"531631","161152","Biodegradable Coffee Cup Options","1","701697","12 - 16oz Sip Lids - White [Non Bio] x 1000","-26.00"
"531631","161152","Biodegradable Coffee Cup Options","1","701698","12 - 16oz Sip Lids - Black [Non Bio] x 1000","-26.00"
"531631","161152","Biodegradable Coffee Cup Options","1","750547","8oz Sip Lids - CPLA - Biodegradable x 1000","-13.00"
"531631","161152","Biodegradable Coffee Cup Options","1","750548","12 - 16oz Sip Lids - CPLA - Biodegradable x 1000","-11.00"
"531631","161152","Biodegradable Coffee Cup Options","1","756294","4oz Sip Lids - White [Non Bio] x 500","0.00"
"547334","173627","Wooden Cutlery Options","1","747473","Wooden Spoons 1 x 100","0.00"
"547334","173627","Wooden Cutlery Options","1","747474","Wooden Forks 1 x 100","0.00"
"547334","173627","Wooden Cutlery Options","1","747475","Wooden Knives 1 x 100","0.00"
"547334","173627","Wooden Cutlery Options","1","747476","Wooden Stirrers 1 x 1000","1.30"
"531965","175675","Pack Size Option","1","756274","15 x Prism Tea Bags","0.00"
"531965","175675","Pack Size Option","1","756275","80 x Prism Tea Bags","11.40"
"531970","175674","Pack Size Option","1","756272","15 x Prism Tea Bags","0.00"
"531970","175674","Pack Size Option","1","756273","80 x Prism Tea Bags","12.00"
"531660","170927","Pack Size Option","1","734797","15 x Prism Tea Bags","0.00"
"531660","170927","Pack Size Option","1","734798","80 x Prism Tea Bags","10.90"
"548558","176459","Birchall Tea Blend Option","1","759525","1100 x 1 Cup Tea Bags","0.00"
"548558","176459","Birchall Tea Blend Option","1","759526","1100 x 2 Cup Tea Bags","5.00"
"540984","170930","Birchall Tea Option","1","734813","1 x 50 Tag & Envelope Tea Bags","0.00"
"540984","170930","Birchall Tea Option","1","734814","1 x 100 Tag Tea Bags","1.30"
"540985","170929","Birchall Tea Option","1","734811","1 x 50 Tag & Envelope Tea Bags","0.00"
"540985","170929","Birchall Tea Option","1","734812","1 x 100 Tag Tea Bags","1.20"
"540948","170926","Pack Size Option","1","734795","15 x Prism Tea Bags","0.00"
"540948","170926","Pack Size Option","1","734796","80 x Prism Tea Bags","10.90"
"540952","173613","Pack Size Option","1","747415","15 x Prism Tea Bags","0.00"
"540952","173613","Pack Size Option","1","747416","80 x Prism Tea Bags","11.40"
"531969","175676","Pack Size Option","1","756276","15 x Prism Tea Bags","0.00"
"531969","175676","Pack Size Option","1","756277","80 x Prism Tea Bags","12.90"
"540951","173614","Pack Size Option","1","747417","15 x Prism Tea Bags","0.00"
"540951","173614","Pack Size Option","1","747418","80 x Prism Tea Bags","11.40"
"541078","170956","Birchall Tea Kit Option","1","734924","Birchall Premium Teas - 6 Tea Starter Set - No Jars","0.00"
"541078","170956","Birchall Tea Kit Option","1","734925","Birchall Premium Teas - 6 Tea Starter Set + Jars & Labels","10.00"
"541078","170956","Birchall Tea Kit Option","1","734926","Birchall Premium Teas - 9 Tea Starter Set - No Jars","10.00"
"541078","170956","Birchall Tea Kit Option","1","734927","Birchall Premium Teas - 9 Tea Starter Set + Jars & Labels","15.00"
"541078","170956","Birchall Tea Kit Option","1","756278","Birchall Premium Teas - 12 Tea Starter Set - No Jars","17.00"
"541078","170956","Birchall Tea Kit Option","1","756279","Birchall Premium Teas - 12 Tea Starter Set + Jars & Labels & Menus","20.00"
"540949","174596","Birchall Red Berry Pack Size","1","751259","15 Prism Tea Bags","0.00"
"540949","174596","Birchall Red Berry Pack Size","1","751260","80 Bulk Pack Prism Tea Bags","11.90"
"531976","161307","Ripple Cup Or Lid Option","1","702549","8oz - Ripple - (500) - Black","8.00"
"531976","161307","Ripple Cup Or Lid Option","1","750539","10oz Ripple Cup - Black (500)","11.00"
"531976","161307","Ripple Cup Or Lid Option","1","702550","12oz - Ripple - (500) - Black","13.00"
"531976","161307","Ripple Cup Or Lid Option","1","702551","16oz - Ripple - (500) - Black - SPECIAL OFFER","2.00"
"531976","161307","Ripple Cup Or Lid Option","1","748302","16oz - Ripple - (500) - New Steel Grey - SPECIAL OFFER","2.00"
"531976","161307","Ripple Cup Or Lid Option","1","702552","8oz Sip Lids - (1000) - Black","0.00"
"531976","161307","Ripple Cup Or Lid Option","1","702553","8oz Sip Lids - (1000) - White","0.00"
"531976","161307","Ripple Cup Or Lid Option","1","702554","10 / 12 / 16oz Sip Lids - (1000) - Black","1.00"
"531976","161307","Ripple Cup Or Lid Option","1","702555","10 / 12 / 16oz Sip Lids - (1000) - White","1.00"
"531976","161307","Ripple Cup Or Lid Option","1","757439","4oz - Ripple - (500) - Black","0.00"
"531976","161307","Ripple Cup Or Lid Option","1","757440","4oz Sip Lids - (1000) - White","0.00"
"531859","161270","Blendtec Jar Options","1","702376","1 x Standard J2 Jar & Lid","0.00"
"531859","161270","Blendtec Jar Options","1","702377","2 x Standard J2 Jar & Lid","60.00"
"531859","161270","Blendtec Jar Options","1","702378","3 x Standard J2 Jar & Lid","120.00"
"531859","161270","Blendtec Jar Options","1","702379","5 x Standard J2 Jar & Lid","240.00"
"531859","161270","Blendtec Jar Options","1","702380","1 x 5 Sided - Wildside 3Qt. Jar & Lid","55.00"
"531859","161270","Blendtec Jar Options","1","702381","2 x 5 Sided - Wildside 3Qt. Jar & Lid","140.00"
"531900","161281","Blendtec Chef Jar Options","1","702432","1 x Standard J2 Jar & Lid","0.00"
"531900","161281","Blendtec Chef Jar Options","1","702433","2 x Standard J2 Jars & Lids","60.00"
"531900","161281","Blendtec Chef Jar Options","1","702434","3 x Standard J2 Jars & Lids","120.00"
"531900","161281","Blendtec Chef Jar Options","1","702435","5 x Standard J2 Jars & Lids","240.00"
"531900","161281","Blendtec Chef Jar Options","1","734933","1 x WildSide+ Jar Jar & Lid","60.00"
"535844","175441","Colour Options","1","755086","Yellow","0.00"
"535844","175441","Colour Options","1","755087","Red","0.00"
"535844","175441","Colour Options","1","755088","Blue","0.00"
"535844","175442","Blendtec Jug Option","1","755089","Standard Jug - 32oz (J2)","0.00"
"535844","175442","Blendtec Jug Option","1","755090","Wildside Plus Five Sided Jug - 64oz (J3)","50.00"
"531669","161171","Blendtec Jar Options","1","701935","1 x Standard J2 Jar & Lid","0.00"
"531669","161171","Blendtec Jar Options","1","701936","2 x Standard J2 Jars & Lid","75.00"
"531669","161171","Blendtec Jar Options","1","701937","3 x Standard J2 Jars & Lid","150.00"
"531669","161171","Blendtec Jar Options","1","701938","5 x Standard J2 Jars & Lid","300.00"
"531669","161171","Blendtec Jar Options","1","701939","1 x 5 Sided - Wildside Jar & Lid","70.00"
"531669","161171","Blendtec Jar Options","1","701940","2 x 5 Sided - Wildside Jars & Lid","160.00"
"531669","161171","Blendtec Jar Options","1","724707","2 x Standard J2 Jar & Lid & 1 Wildside Jar & Lid","220.00"
"531726","161200","Blendtec Jug Option","1","702064","Blendtec Standard Jar (J2)","0.00"
"531726","161200","Blendtec Jug Option","1","702065","Wildside+ Five Sided Jar (J3) - 4 Inch Blade","40.00"
"531726","161200","Blendtec Jug Option","1","759498","No Jug - I Just Want Lids","-79.99"
"531726","168572","Blendtec Jug Lid Option","1","730378","No Lid","0.00"
"531726","168572","Blendtec Jug Lid Option","1","724711","Standard Flat Lids","7.99"
"531726","168572","Blendtec Jug Lid Option","1","724712","Vented Gripper Lid","8.99"
"531954","161301","Motor Enclosure Option","1","702528","Spacesaver","0.00"
"531954","161301","Motor Enclosure Option","1","702529","SpaceSaver / Smoother / Q Series / ABC","20.00"
"531991","161316","Blendtec Stealth Jar Options","1","702581","1 x Standard J2 Jar & Lid","0.00"
"531991","161316","Blendtec Stealth Jar Options","1","702582","2 x Standard J2 Jar & Lid","70.00"
"531991","161316","Blendtec Stealth Jar Options","1","702583","3 x Standard J2 Jar & Lid","140.00"
"531991","161316","Blendtec Stealth Jar Options","1","702584","1 x Wildside J3 Jar & Lid","70.00"
"531991","161316","Blendtec Stealth Jar Options","1","702585","2 x Wildside J3 Jar & Lid","160.00"
"531991","161316","Blendtec Stealth Jar Options","1","746842","3 x Wildside J3 Jar & Lid","260.00"
"531991","161316","Blendtec Stealth Jar Options","1","746843","4 x Wildside J3 Jar & Lid","360.00"
"548779","174392","Blendtec 895 NBS Jar Options","1","750549","2 x Micronisers (Blend In Cup) & No Standard Jars","0.00"
"548779","174392","Blendtec 895 NBS Jar Options","1","750550","2 x Micronisers (Blend In Cup) & 1 x Standard Jars","75.00"
"548779","174392","Blendtec 895 NBS Jar Options","1","750551","2 x Micronisers (Blend In Cup) & 2 x Standard Jars","150.00"
"548779","174392","Blendtec 895 NBS Jar Options","1","750552","2 x Micronisers (Blend In Cup) & 3 x Standard Jars","225.00"
"538885","170879","Blendtec Wildside Jug - Lid Option","1","734374","No Lid","0.00"
"538885","170879","Blendtec Wildside Jug - Lid Option","1","734372","Standard Flat Blendtec Lid","5.00"
"538885","170879","Blendtec Wildside Jug - Lid Option","1","734373","Vented Gripper Blendtec Lid","7.50"
"531674","161175","Blendtec Jar Options","1","701962","1 x Standard J2 Jar & Lid","0.00"
"531674","161175","Blendtec Jar Options","1","701963","2 x Standard J2 Jar & Lid","70.00"
"531674","161175","Blendtec Jar Options","1","701964","3 x Standard J2 Jar & Lid","140.00"
"531674","161175","Blendtec Jar Options","1","730369","4 x Standard J2 Jar & Lid","210.00"
"550153","175438","Glove Size","1","755082","Medium BLUE x 100","0.00"
"550153","175438","Glove Size","1","755083","Large BLUE x 100","0.00"
"541122","170997","Boutique Cup Options","1","735121","8oz - Boutique - BLUE Paper Cups (500)","3.00"
"541122","170997","Boutique Cup Options","1","735122","12oz - Boutique - RED Paper Cups (500)","7.00"
"541122","170997","Boutique Cup Options","1","735123","16oz - Boutique - PURPLE Paper Cups (500)","10.00"
"541122","170997","Boutique Cup Options","1","735124","8oz Sip Lids - White (1000)","-5.00"
"541122","170997","Boutique Cup Options","1","735125","8oz Sip Lids - Black (1000)","-5.00"
"541122","170997","Boutique Cup Options","1","735126","12 / 16oz Sip Lids - White (1000)","-4.00"
"541122","170997","Boutique Cup Options","1","735127","12 / 16oz Sip Lids - Black (1000)","-4.00"
"531767","161221","Bulk Brewer Options","1","702125","B5 L/R - 1 Brewer, 1 x 5 Litre Urn","0.00"
"531767","161221","Bulk Brewer Options","1","702128","B5 - 1 Brewer, 2 x 5 Litre Urns","300.00"
"531767","161221","Bulk Brewer Options","1","702126","B5 HW L/R - 1 Brewer, 1 x 5 Litre Urn & Hot Water","500.00"
"531767","161221","Bulk Brewer Options","1","702127","B5 HW- 1 Brewer, 2 x 5 Litre Urns & Hot Water","900.00"
"531767","161221","Bulk Brewer Options","1","735415","B10 L/R - 1 Brewer, 1 x 10 Litre Urn","200.00"
"531767","161221","Bulk Brewer Options","1","735414","B10 - 1 Brewer, 2 x 10 Litre Urns","700.00"
"531767","161221","Bulk Brewer Options","1","735417","B10 HW L/R - 1 Brewer, 1 x 10 Litre Urn & Hot Water","800.00"
"531767","161221","Bulk Brewer Options","1","735416","B10 HW - 1 Brewer, 2 x 10 Litre Urns & Hot Water","1300.00"
"531734","161203","Filter Pan Type","1","702071","Plastic","0.00"
"531734","161203","Filter Pan Type","1","702072","Metal","6.00"
"531848","161259","Bravilor Airpot Option","1","702348","Stainless Steel (Glass Inner)","0.00"
"531848","161259","Bravilor Airpot Option","1","725748","Red (Glass Inner)","0.00"
"531848","161259","Bravilor Airpot Option","1","725749","Blue (Glass Inner)","0.00"
"531848","161259","Bravilor Airpot Option","1","725747","Black (Glass Inner)","0.00"
"531848","161259","Bravilor Airpot Option","1","725750","Stainless Steel (Steel Inner)","6.67"
"531848","161259","Bravilor Airpot Option","1","702349","Green Metallic (Steel Inner)","6.67"
"531848","161259","Bravilor Airpot Option","1","725746","Black Metallic (Steel Inner)","6.67"
"531848","161259","Bravilor Airpot Option","1","725745","Red Metallic (Steel Inner)","6.67"
"531848","161259","Bravilor Airpot Option","1","725744","Yellow Metallic (Steel Inner)","6.67"
"531848","161259","Bravilor Airpot Option","1","725743","Purple Metallic (Steel Inner)","6.67"
"531847","161258","Bravilor Jug","1","702345","Bravilor Glass Jug & Lid","0.00"
"531847","161258","Bravilor Jug","1","702346","Bravilor Stainless Jug & Lid","10.00"
"531847","161258","Bravilor Jug","1","748182","Bravilor Kinox Shatterproof Jug & Lid","10.00"
"531743","161208","Boiler Model","1","702084","HW 10 [2 Ltr Manual Fill]","0.00"
"531743","161208","Boiler Model","1","702085","HWA 20 [3 Ltr Mains Only]","145.00"
"531743","161208","Boiler Model","1","702086","HWA 40 [4 Ltr Mains Only]","365.00"
"531743","161208","Boiler Model","1","722771","HWA 70 [7 Ltr Mains Only]","415.00"
"531743","161210","Water Filter Options","1","702090","Do Not Require A Water Filter","0.00"
"531743","161210","Water Filter Options","1","702089","Include A CTU Filter","120.00"
"531743","161209","Installation","1","702087","Self Install","0.00"
"531743","161209","Installation","1","702088","Engineer Install","90.00"
"531703","161185","Installation Options","1","702022","I Will Install","0.00"
"531703","161185","Installation Options","1","702023","I Will Install & Send Me A Filter","100.00"
"531703","161185","Installation Options","1","702020","Trained Engineer Install","100.00"
"531703","161185","Installation Options","1","702021","Trained Engineer Install & Fit Water Filter","200.00"
"542866","171759","SIZE OPTIONS","1","740209","Brita Purity C Finest 500 - 5,000 Ltrs","94.96"
"542866","171759","SIZE OPTIONS","1","740211","Brita Purity C Finest 1100 - 10,000 Ltrs","124.96"
"542866","171759","SIZE OPTIONS","1","740213","Brita Purity 30% Head Unit","0.00"
"542862","171758","Brita Filter Options","1","740202","Brita Purity C50 - 960 Ltrs","20.00"
"542862","171758","Brita Filter Options","1","740203","Brita Purity C150 - 2400 Ltrs","37.50"
"542862","171758","Brita Filter Options","1","740204","Brita Purity C300 - 4000 - Ltrs","57.50"
"542862","171758","Brita Filter Options","1","740205","Brita Purity C500 - 6800 Ltrs","99.50"
"542862","171758","Brita Filter Options","1","740207","Brita Purity C 30% Head Unit (John Guest Fitting)","0.00"
"542862","171758","Brita Filter Options","1","755078","Brita Purity C 30% Head Unit (3/8M Fitting)","0.00"
"542862","171758","Brita Filter Options","1","740208","Brita Purity C Flowmeter","65.00"
"531578","161136","Byron Bay Accessories","1","701620","Byron Bay Wooden Biscuit Tongs (Long)","4.94"
"531578","161136","Byron Bay Accessories","1","701628","Byron Bay Stainless Biscuit Tongs (Short)","3.94"
"531578","161136","Byron Bay Accessories","1","701629","Byron Bay Jar & New Style Steel Lid","14.94"
"531578","161136","Byron Bay Accessories","1","701621","Byron Bay Tag - White Choc & Macadamia","0.00"
"531578","161136","Byron Bay Accessories","1","701622","Byron Bay Tag - Triple Choc Fudge","0.00"
"531578","161136","Byron Bay Accessories","1","701623","Byron Bay Tag - Dotty","0.00"
"531578","161136","Byron Bay Accessories","1","701624","Byron Bay Tag - Stick Date & Ginger","0.00"
"531578","161136","Byron Bay Accessories","1","701625","Byron Bay Tag - Lemon Shortbread","0.00"
"531578","161136","Byron Bay Accessories","1","701631","Byron Bay Tag - Anzac","0.00"
"531578","161136","Byron Bay Accessories","1","701630","Byron Bay Tag - Cherry Cheesecake","0.00"
"531578","161136","Byron Bay Accessories","1","701626","Byron Bay Tag - Milk Chocolate Chunk","0.00"
"531578","161136","Byron Bay Accessories","1","701633","Byron Bay Tag - Fig & Pecan","0.00"
"531578","161136","Byron Bay Accessories","1","701627","Byron Bay Jar Mats","0.95"
"531636","161153","Biscuit & Tag Option 1","1","751223","24 Cherry Cheesecake","0.00"
"531636","161153","Biscuit & Tag Option 1","1","701702","24 Lemon & Macademia Shortbread","0.00"
"531636","161153","Biscuit & Tag Option 1","1","701706","24 Milk Choc Chunk","0.00"
"531636","161153","Biscuit & Tag Option 1","1","756295","24 Rocky Road","0.00"
"531636","161153","Biscuit & Tag Option 1","1","701704","24 Sticky Date & Ginger","0.00"
"531636","161153","Biscuit & Tag Option 1","1","701701","24 White Choc & Macadamia","0.00"
"531636","161153","Biscuit & Tag Option 1","1","757450","24 Fig & Pecan","0.00"
"531636","161153","Biscuit & Tag Option 1","1","757451","24 Anzac (Oat & Honey)","0.00"
"531636","161154","Biscuit & Tag Option 2","1","757438","24 Fig & Pecan","0.00"
"531636","161154","Biscuit & Tag Option 2","1","701714","24 Sticky Date & Ginger","0.00"
"531636","161154","Biscuit & Tag Option 2","1","756296","24 Rocky Road","0.00"
"531636","161154","Biscuit & Tag Option 2","1","701712","24 Dotty","0.00"
"531636","161154","Biscuit & Tag Option 2","1","701713","24 Lemon & Macademia Shortbread","0.00"
"531636","161154","Biscuit & Tag Option 2","1","751224","24 Sour Cherry Cheesecake","0.00"
"531636","161154","Biscuit & Tag Option 2","1","701710","24 Triple Chocolate Fudge","0.00"
"531636","161154","Biscuit & Tag Option 2","1","701716","24 Milk Choc Chunk","0.00"
"531636","161154","Biscuit & Tag Option 2","1","701711","24 White Choc & Macadamia","0.00"
"531636","161154","Biscuit & Tag Option 2","1","757452","24 Anzac (Oat & Honey)","0.00"
"531586","161139","Byron Bay Biscuit Option","1","701643","Dotty","0.00"
"531586","161139","Byron Bay Biscuit Option","1","757423","Fig & Pecan *NEW*","0.00"
"531586","161139","Byron Bay Biscuit Option","1","752449","Rocky Road Cookies *NEW*","0.00"
"531586","161139","Byron Bay Biscuit Option","1","757424","Anzac Oat & Coconut *NEW*","0.00"
"531586","161139","Byron Bay Biscuit Option","1","751231","Cherry Cheesecake *NEW*","0.00"
"531586","161139","Byron Bay Biscuit Option","1","701642","Triple Chocolate Fudge","0.00"
"531586","161139","Byron Bay Biscuit Option","1","701646","Milk Chocolate Chunk","0.00"
"531586","161139","Byron Bay Biscuit Option","1","701648","Lemon & Macadamia Shortbread *NEW*","0.00"
"531586","161139","Byron Bay Biscuit Option","1","701644","Sticky Date & Ginger","0.00"
"531586","161139","Byron Bay Biscuit Option","1","701641","White Choc & Macadamia Nut","0.00"
"531955","161302","Cafetiere Size","1","702530","350ml - 2 Cup - Chrome Finish","0.00"
"531955","161302","Cafetiere Size","1","702531","800ml - 4 Cup - Chrome Finish","2.50"
"531654","161166","Clutch Option","1","701918","8-10oz Clutches (100)","0.00"
"531654","161166","Clutch Option","1","701916","8-10oz Clutches (1000)","0.50"
"531654","161166","Clutch Option","1","731324","12-20oz Clutches (100)","17.50"
"531654","161166","Clutch Option","1","731325","12-20oz Clutches (1000)","18.50"
"540827","173644","Chocolate Jug Size","1","747520","0.6 Litre Chocolate Foaming Jug","0.00"
"540827","173644","Chocolate Jug Size","1","747521","1 Litre Chocolate Foaming Jug","2.00"
"537132","167244","Festive Pack","1","719586","15 Star Anise","0.00"
"537132","167244","Festive Pack","1","719587","5 Cinnamon Sticks","0.00"
"537132","167244","Festive Pack","1","719588","Duo Pack - 15 Star Anise & 5 Cinnamon Sticks","2.00"
"542810","171742","SIZE OPTIONS","1","740045","Claris Ultra 170 - 1,700ltrs","0.00"
"542810","171742","SIZE OPTIONS","1","740046","Claris Ultra 250 - 2,500ltrs","10.00"
"542810","171742","SIZE OPTIONS","1","740047","Claris Ultra 500 - 4,200ltrs","50.00"
"542810","171742","SIZE OPTIONS","1","740048","Claris Ultra 1000 - 8,500ltrs","100.00"
"542810","171742","SIZE OPTIONS","1","740049","Claris Ultra 1500 - 12,1000ltrs","154.50"
"542810","171742","SIZE OPTIONS","1","740055","Claris Ultra 2000 - 20,1000ltrs","234.50"
"542810","171742","SIZE OPTIONS","1","740096","Claris Water Filter Replacement Head","-42.00"
"531846","161257","Filter Paper Size","1","702336","Standard Filter Papers (250)","0.00"
"531846","161257","Filter Paper Size","1","702337","B5 Bulk Brew Filters (250)","13.00"
"531846","161257","Filter Paper Size","1","702338","B10 Bulk Brew Filters (250)","17.50"
"531846","161257","Filter Paper Size","1","702339","B20 Bulk Brew Filters (250)","27.00"
"531846","161257","Filter Paper Size","1","702340","B40 Bulk Brew Filters (250)","49.00"
"531846","161257","Filter Paper Size","1","702341","Bravilor Filter Rolls (4 Rolls)","44.00"
"531727","161201","Stencil Option","1","702068","Pack Of 8 Assorted","0.00"
"531727","161201","Stencil Option","1","723064","Festive stencils pack 12","5.00"
"531714","161191","Pack Size","1","702041","50 x 3 Pint - 50g Sachets","0.00"
"531714","161191","Pack Size","1","712813","6 x 1 Kilo Bags","22.51"
"531821","161245","Carry Out Tray Size","1","702249","2 Cup Carry Trays (50)","0.00"
"531821","161245","Carry Out Tray Size","1","702250","4 Cup Carry Trays (50)","2.00"
"537741","167828","Dart Option","1","722167","7oz Dart Foam Cups - 1000","0.00"
"537741","167828","Dart Option","1","751286","8oz Dart Foam Cups - 1000","3.00"
"537741","167828","Dart Option","1","722168","10oz Dart Foam Cups - 1000","7.00"
"537741","167828","Dart Option","1","722169","12oz Dart Foam Cups - 1000","13.00"
"537741","167828","Dart Option","1","751288","16oz Dart Foam Cups - 1000","18.00"
"537741","167828","Dart Option","1","751287","4oz Dart Foam Cups - 1000","-1.00"
"537741","167828","Dart Option","1","722170","7oz White Lids - 1000","-2.00"
"537741","167828","Dart Option","1","722171","10oz White Lids - 1000","0.00"
"537741","167828","Dart Option","1","722172","12oz White Lids - 1000","3.00"
"531637","173551","Shmoo Kit Options","1","747189","Dinkum Shmoo Mixer - Metallic Blue","0.00"
"531637","173551","Shmoo Kit Options","1","751232","Compatible Mixer - Silver","-30.00"
"531637","173551","Shmoo Kit Options","1","747188","Compatible Mixer - Black","-50.00"
"531637","173551","Shmoo Kit Options","1","747186","Compatible Mixer - Blue","-50.00"
"531637","173551","Shmoo Kit Options","1","747185","Compatible Mixer - Red","-50.00"
"531637","173551","Shmoo Kit Options","1","747187","Compatible Mixer - Cream","-50.00"
"531689","161181","Lids Options","1","702008","8oz Sip Through Lids - White (1000)","0.00"
"531689","161181","Lids Options","1","702005","8oz Sip Through Lids - Black (1000)","0.00"
"531689","161181","Lids Options","1","702006","10 - 20oz Sip Through Lids - Black (1000)","1.00"
"531689","161181","Lids Options","1","702009","10 - 20oz Sip Through Lids - White (1000)","1.00"
"531689","161181","Lids Options","1","702007","4oz Non Sip Flat Lids - White (500)","-7.00"
"531689","161181","Lids Options","1","744608","8oz Sip Through Lids - White (100)","-19.00"
"531689","161181","Lids Options","1","744609","12 / 16 / 20oz Sip Through Lids - White (100)","-19.00"
"542854","171757","SIZE OPTIONS","1","740197","Small - EVCLS - EV4339-10","7.00"
"542854","171757","SIZE OPTIONS","1","740198","Medium - EVCLM - EV4339-11","37.00"
"542854","171757","SIZE OPTIONS","1","740199","Large - EVCLL - EV4339-12","54.50"
"542854","171757","SIZE OPTIONS","1","740200","Extra Large - EVCLXL - EV4339-13","72.00"
"542854","171757","SIZE OPTIONS","1","740201","Head Unit","-15.50"
"531898","175896","Expobar G10 Options","1","757340","Expobar G10 - 1 Group (High Level)","0.00"
"531898","175896","Expobar G10 Options","1","757341","Expobar G10 - 2 Group Compact (High Level)","300.00"
"531898","175896","Expobar G10 Options","1","757342","Expobar G10 - 2 Group Full Size (High Level)","600.00"
"531898","175896","Expobar G10 Options","1","757343","Expobar G10 - 3 Group (High Level)","1200.00"
"531898","175897","Package Options","1","757344","Machine Only","0.00"
"531898","175897","Package Options","1","757345","Machine & Water Filter Only","150.00"
"531898","175897","Package Options","1","757346","Full Package - With Standard Grinder","400.00"
"531898","175897","Package Options","1","757347","Full Package - With On Demand Grinder","700.00"
"540103","169540","Monroc Group Options","1","730367","Expobar 1 Group Monroc","0.00"
"540103","169540","Monroc Group Options","1","730368","Expobar 2 Group Monroc","350.00"
"540103","172579","Expobar Monroc Package Options","1","744404","Machine Only","0.00"
"540103","172579","Expobar Monroc Package Options","1","744405","Add CTU Filter","120.00"
"540103","172579","Expobar Monroc Package Options","1","744406","CTU / Knock Box / Standard Grinder","500.00"
"540103","172579","Expobar Monroc Package Options","1","744407","CTU / Knock Box / Zenith On Demand Grinder","700.00"
"543807","172009","Expobar Rosetta Options","1","741968","Expobar Rosetta 2 Group","0.00"
"543807","172009","Expobar Rosetta Options","1","741969","Expobar Rosetta 3 Group","300.00"
"543807","172010","Expobar Rosetta Package Options","1","741970","Machine Only","0.00"
"543807","172010","Expobar Rosetta Package Options","1","741971","CTU Filter","100.00"
"543807","172010","Expobar Rosetta Package Options","1","741972","Package Deal 01 - Standard Grinder","500.00"
"543807","172010","Expobar Rosetta Package Options","1","741973","Package Deal 02 - Zenith On Demand Grinder","700.00"
"531902","161282","FairTrade Coffee Stick Option","1","702436","FairTrade Coffee Sticks x 250","0.00"
"531902","161282","FairTrade Coffee Stick Option","1","702437","FairTrade Decaf Coffee Sticks x 250","3.00"
"531589","164859","Pack Size","1","712601","50 x 3 Pint - 50g Sachets","0.00"
"531589","164859","Pack Size","1","712602","6 x 1 Kilo Bags","25.51"
"531851","172577","Grind Option","1","744396","Whole Beans","0.00"
"531851","172577","Grind Option","1","744397","Filter Fine","0.00"
"531851","172577","Grind Option","1","744398","Espresso Ground","0.00"
"549073","174599","Fiorenzato F64 Colour Options","1","751273","Fiorenzato F64 Evo - Black Finish","0.00"
"549073","174599","Fiorenzato F64 Colour Options","1","751274","Fiorenzato F64 Evo - Matt Black Finish","0.00"
"549073","174599","Fiorenzato F64 Colour Options","1","751276","Fiorenzato F64 Evo - Red Finish","0.00"
"549073","174599","Fiorenzato F64 Colour Options","1","751275","Fiorenzato F64 Evo - Pearl White Finish","25.00"
"549073","174599","Fiorenzato F64 Colour Options","1","751277","Fiorenzato F64 Evo - White Finish","0.00"
"548273","173949","Stump Teapot Size","1","748559","13oz Lime Green - Stump Teapot","0.00"
"548273","173949","Stump Teapot Size","1","748560","18oz Lime Green - Stump Teapot","3.00"
"548268","173950","Stump Teapot Size","1","748561","13oz Black - Stump Teapot","0.00"
"548268","173950","Stump Teapot Size","1","748562","18oz Black - Stump Teapot","3.00"
"548281","173951","Stump Teapot Size","1","748563","13oz Blue - Stump Teapot","0.00"
"548281","173951","Stump Teapot Size","1","748564","18oz Blue - Stump Teapot","3.00"
"548284","173952","Stump Teapot Size","1","748565","13oz Burgandy - Stump Teapot","0.00"
"548284","173952","Stump Teapot Size","1","748566","18oz Burgandy - Stump Teapot","3.00"
"548286","173953","Stump Teapot Size","1","756271","18oz Carrot - Stump Teapot","0.00"
"548286","173953","Stump Teapot Size","1","748567","13oz Carrot - Stump Teapot","0.00"
"548287","173954","Stump Teapot Size","1","748569","13oz Coral - Stump Teapot","0.00"
"548287","173954","Stump Teapot Size","1","748570","18oz Coral - Stump Teapot","3.00"
"548269","173955","Stump Teapot Size","1","748571","13oz Grey - Stump Teapot","0.00"
"548269","173955","Stump Teapot Size","1","748572","18oz Grey - Stump Teapot","3.00"
"548288","173956","Stump Teapot Size","1","748573","13oz Mandarin - Stump Teapot","0.00"
"548288","173956","Stump Teapot Size","1","748574","18oz Mandarin - Stump Teapot","3.00"
"548276","173957","Stump Teapot Size","1","748575","13oz Red - Stump Teapot","0.00"
"548276","173957","Stump Teapot Size","1","748576","18oz Red - Stump Teapot","3.00"
"548278","173958","Stump Teapot Size","1","748577","13oz Turquiose - Stump Teapot","0.00"
"548278","173958","Stump Teapot Size","1","748578","18oz Turquiose - Stump Teapot","3.00"
"548280","173959","Stump Teapot Size","1","748579","13oz White - Stump Teapot","0.00"
"548280","173959","Stump Teapot Size","1","748580","18oz White - Stump Teapot","3.00"
"536945","167180","Colour Option","1","719375","Black","0.00"
"536945","167180","Colour Option","1","719384","Coral","0.00"
"536945","167180","Colour Option","1","719383","Turquoise","0.00"
"536945","167180","Colour Option","1","719382","Red","0.00"
"536945","167180","Colour Option","1","719381","Mandarin","0.00"
"536945","167180","Colour Option","1","719380","Marine Blue","0.00"
"536945","167180","Colour Option","1","719379","Carrot","0.00"
"536945","167180","Colour Option","1","719378","Burgendy","0.00"
"536945","167180","Colour Option","1","719377","Grey","0.00"
"536945","167180","Colour Option","1","719376","White","0.00"
"536945","167180","Colour Option","1","719385","Lime Green","0.00"
"531645","161157","Fresh Leaf Tea Type","1","701725","English Breakfast Tea 250g","1.00"
"531645","161157","Fresh Leaf Tea Type","1","701730","English Breakfast Tea 1 Kilo (Bulk Saver)","9.00"
"531645","161157","Fresh Leaf Tea Type","1","701727","Earl Grey Tea 250g","1.00"
"531645","161157","Fresh Leaf Tea Type","1","757500","Earl Grey Tea 1 Kilo (Bulk Saver)","10.00"
"531645","161157","Fresh Leaf Tea Type","1","701726","Pure Assam Tea 250g","1.00"
"531645","161157","Fresh Leaf Tea Type","1","701729","Peppermint Tea 250g","2.50"
"531645","161157","Fresh Leaf Tea Type","1","757502","Fine Ceylon 250g","1.00"
"531645","161157","Fresh Leaf Tea Type","1","757501","Darjeeling 250g","2.00"
"531645","161157","Fresh Leaf Tea Type","1","757503","Lemon Peel Black Tea 250g","3.00"
"531645","161157","Fresh Leaf Tea Type","1","757504","Sweet Orange 250g","3.00"
"531645","161157","Fresh Leaf Tea Type","1","757505","Green Tea 250g","1.30"
"531645","161157","Fresh Leaf Tea Type","1","757506","Red Berry Fruits 250g","3.30"
"531829","161251","Choose Your 1st Flavour -","1","702272","2 Cartons Of Blackberry & Blueberry","0.00"
"531829","161251","Choose Your 1st Flavour -","1","702273","2 Cartons Of Banana Smoothie","0.00"
"531829","161251","Choose Your 1st Flavour -","1","702280","2 Cartons Of Pineapple & Passionfruit Smoothie","0.00"
"531829","161251","Choose Your 1st Flavour -","1","702275","2 Cartons Of Mango Smoothie","0.00"
"531829","161251","Choose Your 1st Flavour -","1","702276","2 Cartons Of Strawberry & Banana Smoothie","0.00"
"531829","161251","Choose Your 1st Flavour -","1","702277","2 Cartons Of Exotic Smoothie","0.00"
"531829","161251","Choose Your 1st Flavour -","1","702282","2 Cartons Of Mango & Passionfruit Smoothie","0.00"
"531829","161251","Choose Your 1st Flavour -","1","702271","2 Cartons Of Strawberry Smoothie","0.00"
"531829","161251","Choose Your 1st Flavour -","1","702279","2 Cartons Of Summer Fruits Smoothie","0.00"
"531829","161252","Choose Your 2nd Flavour -","1","702285","2 Cartons Of Blackberry & Blueberry","0.00"
"531829","161252","Choose Your 2nd Flavour -","1","702290","2 Cartons Of Exotic Smoothie","0.00"
"531829","161252","Choose Your 2nd Flavour -","1","702287","2 Cartons Of Mango Smoothie","0.00"
"531829","161252","Choose Your 2nd Flavour -","1","702284","2 Cartons Of Strawberry Smoothie","0.00"
"531829","161252","Choose Your 2nd Flavour -","1","702289","2 Cartons Of Strawberry & Banana Smoothie","0.00"
"531829","161252","Choose Your 2nd Flavour -","1","702291","2 Cartons Of Summer Fruits Smoothie","0.00"
"531829","161252","Choose Your 2nd Flavour -","1","702293","2 Cartons Of Pineapple & Passionfruit Smoothie","0.00"
"531829","161252","Choose Your 2nd Flavour -","1","702288","2 Cartons Of Banana Smoothie","0.00"
"531829","161252","Choose Your 2nd Flavour -","1","724709","2 Cartons Of Mango & Passion Smoothie","0.00"
"531829","161253","Choose Your 3rd Flavour -","1","702298","2 Cartons Of Summer Fruits Smoothie","0.00"
"531829","161253","Choose Your 3rd Flavour -","1","702300","2 Cartons Of Mango Smoothie","0.00"
"531829","161253","Choose Your 3rd Flavour -","1","702301","2 Cartons Of Banana Smoothie","0.00"
"531829","161253","Choose Your 3rd Flavour -","1","702302","2 Cartons Of Strawberry & Banana Smoothie","0.00"
"531829","161253","Choose Your 3rd Flavour -","1","702303","2 Cartons Of Exotic Smoothie","0.00"
"531829","161253","Choose Your 3rd Flavour -","1","702304","2 Cartons Of Blackberry & Blueberry Smoothie","0.00"
"531829","161253","Choose Your 3rd Flavour -","1","702297","2 Cartons Of Strawberry Smoothie","0.00"
"531829","161253","Choose Your 3rd Flavour -","1","702306","2 Cartons Of Pineapple & Passionfruit Smoothie","0.00"
"531829","161253","Choose Your 3rd Flavour -","1","702308","2 Cartons Of Mango & Passionfruit","0.00"
"531829","161254","Choose Your 4th Flavour -","1","702317","2 Cartons Of Blackberry & Blueberry Smoothie","0.00"
"531829","161254","Choose Your 4th Flavour -","1","702319","2 Cartons Of Pineapple & Passionfruit Smoothie","0.00"
"531829","161254","Choose Your 4th Flavour -","1","702311","2 Cartons Of Summer Fruits Smoothie","0.00"
"531829","161254","Choose Your 4th Flavour -","1","702313","2 Cartons Of Mango Smoothie","0.00"
"531829","161254","Choose Your 4th Flavour -","1","702314","2 Cartons Of Banana Smoothie","0.00"
"531829","161254","Choose Your 4th Flavour -","1","702315","2 Cartons Of Strawberry & Banana Smoothie","0.00"
"531829","161254","Choose Your 4th Flavour -","1","702316","2 Cartons Of Exotic Smoothie","0.00"
"531829","161254","Choose Your 4th Flavour -","1","702310","2 Cartons Of Strawberry Smoothie","0.00"
"531829","161254","Choose Your 4th Flavour -","1","724710","2 Cartons Of Mango & Passion Smoothie","0.00"
"550104","175401","FUEL Cup & Lid Pack - Cup Size","1","754821","8OZ FUEL Cups, Lids & Stirrers Pack x 40","0.00"
"550104","175401","FUEL Cup & Lid Pack - Cup Size","1","754822","12OZ FUEL Cups, Lids & Stirrers Pack x 40","1.00"
"540706","170974","GAGGIA BRERA COLOUR OPTION","1","735027","BRERA SILVER","0.00"
"540706","170974","GAGGIA BRERA COLOUR OPTION","1","735028","BRERA BLACK","0.00"
"531983","161310","Grinder Option","1","702562","Gaggia MD58 Grinder","0.00"
"531983","161310","Grinder Option","1","702563","Gaggia MD64 Grinder","179.99"
"531983","161310","Grinder Option","1","702564","Gaggia MD75 Grinder","299.99"
"531983","161311","Colour Option","1","702565","Red","0.00"
"531983","161311","Colour Option","1","702566","Silver","0.00"
"531755","161217","Gaggia D90 Evolution Options","1","702107","Gaggia D90 Evolution - 2 Group","0.00"
"531755","161217","Gaggia D90 Evolution Options","1","702108","Gaggia D90 Evolution - 3 Group","700.00"
"531755","170961","Gaggia D90 Additions","1","734946","No Extras","0.00"
"531755","170961","Gaggia D90 Additions","1","734947","CTU Water Filter","100.00"
"531755","170961","Gaggia D90 Additions","1","734948","Gaggia MD64 Grinder, Knockout, Water Filter","650.00"
"531755","170961","Gaggia D90 Additions","1","734949","Gaggia MD75 Gringer, Knockout, Water Filter","750.00"
"541093","170964","Gaggia DECO Colour Option","1","734958","Ruby Red","0.00"
"541093","170964","Gaggia DECO Colour Option","1","734957","Cosmic Grey","0.00"
"541093","170965","Gaggia DECO Package Options","1","734959","No Extras","0.00"
"541093","170965","Gaggia DECO Package Options","1","734960","CTU Water Filter","100.00"
"541093","170965","Gaggia DECO Package Options","1","734961","Gaggia MD64 Grinder, Knockout, Water Filter","650.00"
"541093","170965","Gaggia DECO Package Options","1","734962","Gaggia MD75 Grinder, Knockout, Water Filter","750.00"
"541093","170963","Gaggia DECO Group Options","1","734955","Gaggia DECO - 2 Group","0.00"
"541093","170963","Gaggia DECO Group Options","1","734956","Gaggia DECO - 3 Group","600.00"
"541093","170963","Gaggia DECO Group Options","1","734954","Gaggia DECO - 4 Group","1100.00"
"541093","170963","Gaggia DECO Group Options","1","734952","Gaggia DECO - 2 Group ALTO (Raised Group)","400.00"
"541093","170963","Gaggia DECO Group Options","1","734953","Gaggia DECO - 3 Group ALTO (Raised Group)","1000.00"
"531820","161244","Group Size","1","755117","GD One Group Hand Fill","0.00"
"531820","161244","Group Size","1","702247","GD Two Group Compact Auto","800.00"
"531820","161244","Group Size","1","702246","GD Two Group Auto","1000.00"
"531820","161244","Group Size","1","702248","GD Three Group Auto","1700.00"
"531754","161216","Gaggia X Series","1","702103","1 Group Automatic","0.00"
"531754","161216","Gaggia X Series","1","702104","2 Group Automatic","0.00"
"531754","161216","Gaggia X Series","1","702105","2 Group Compact Automatic","0.00"
"531754","161216","Gaggia X Series","1","702106","3 Group Automatic","0.00"
"540829","170882","Galaxy Chocolate Pack Size","1","734380","750g Bag","0.00"
"540829","170882","Galaxy Chocolate Pack Size","1","734381","10 x 750g Case","29.20"
"531723","161198","Jar Option","1","702056","1 Gallon Biscotti Jar With Glass Lid","0.00"
"531723","161198","Jar Option","1","702057","1 Gallon Biscotti Jar With Stainless Long Life Lid","4.00"
"548009","173718","GRAVIA POD SELECTION","1","759330","Colombian ESE Pods x 50","0.00"
"548009","173718","GRAVIA POD SELECTION","1","747793","Decaf ESE Pods x 50","2.00"
"531849","164860","Decaf Option","1","712605","Beans 500g","0.00"
"531849","164860","Decaf Option","1","712606","Espresso Ground 500g","0.00"
"531849","164860","Decaf Option","1","719414","Filter Coffee 1 Kilo","6.50"
"531849","164860","Decaf Option","1","725720","Cafetiere Grind 1 Kilo","6.50"
"531849","164860","Decaf Option","1","747118","ESE Pods x 100","13.50"
"531849","164860","Decaf Option","1","747119","Double Commercial Pods x 50","13.50"
"531849","164860","Decaf Option","1","754968","ESE Pods x 100 [Unwrapped]","9.00"
"540828","170880","Iberital IB7 Options","1","734375","Iberital IB7 - 1 Group","0.00"
"540828","170880","Iberital IB7 Options","1","734376","Iberital IB7 - 2 Group Compact","200.00"
"540828","170880","Iberital IB7 Options","1","734377","Iberital IB7 - 2 Group","400.00"
"540828","170881","IB7 Additions","1","734378","No Extras","0.00"
"540828","170881","IB7 Additions","1","734379","Grinder & Knockout & Water Filter","400.00"
"541091","170958","Iberital Intenz Options","1","734934","Iberital Intenz - 1 Group","0.00"
"541091","170958","Iberital Intenz Options","1","734935","Iberital Intenz - 1 Group ALTO (Raised Group)","100.00"
"541091","170958","Iberital Intenz Options","1","734936","Iberital Intenz - 2 Group","900.00"
"541091","170958","Iberital Intenz Options","1","734937","Iberital Intenz - 2 Group ALTO (Raised Group)","1000.00"
"541091","170958","Iberital Intenz Options","1","734938","Iberital Intenz - 3 Group","1400.00"
"541091","170958","Iberital Intenz Options","1","734939","Iberital Intenz - 3 Group ALTO (Raised Group)","1600.00"
"541091","170959","Iberital Intenz Colour Options","1","734940","White","0.00"
"541091","170959","Iberital Intenz Colour Options","1","734941","Silver","0.00"
"541091","170960","Iberital Intenz Additions","1","734942","No Extras","0.00"
"541091","170960","Iberital Intenz Additions","1","734945","CTU Water Filter","100.00"
"541091","170960","Iberital Intenz Additions","1","734943","Standard Grinder, Knockout & Water Filter","400.00"
"541091","170960","Iberital Intenz Additions","1","734944","On Demand Grinder, Knockout & Water Filter","600.00"
"541343","173524","Icelandic Water Pack Size","1","747056","24 x 500ml","0.00"
"541343","173524","Icelandic Water Pack Size","1","747057","30 x 330ml","0.00"
"531801","167122","ISI Cream Chargers Pack Size","1","719262","Genuine ISI - N2O Cream Bulbs x 10 Chargers","0.00"
"531801","167122","ISI Cream Chargers Pack Size","1","719263","Genuine ISI - N2O Cream Bulbs x 24 Chargers","5.50"
"531801","167122","ISI Cream Chargers Pack Size","1","719264","Genuine ISI - N2O Cream Bulbs x 50 Chargers","15.50"
"531808","161234","Gourmet Plus Whipper Size","1","702205","0.5 Litre Gourmet Plus Whipper","0.00"
"531808","161234","Gourmet Plus Whipper Size","1","702206","1 Litre Gourmet Plus Whipper","5.00"
"531720","161196","Cream Whipper Size","1","702052","iSi Profi Whip Cream Whipper 0.5 Ltr","0.00"
"531720","161196","Cream Whipper Size","1","702053","iSi Profi Whip Cream Whipper 1 Ltr","10.00"
"531797","161231","Biscotti Type","1","702161","Almond Biscotti x 24","0.00"
"531797","161231","Biscotti Type","1","731920","Round Biscotti Jar (3.8 Ltr)","0.00"
"531797","161231","Biscotti Type","1","751283","Round Biscotti Jar (6.2 Ltr)","3.00"
"541310","171040","OmniBlend Jug Options","1","735601","JTC OmniBlend Pro + 1 x Jar & Lid","0.00"
"541310","171040","OmniBlend Jug Options","1","735602","JTC OmniBlend Pro + 2 x Jars & Lid","75.00"
"541310","171040","OmniBlend Jug Options","1","735603","JTC OmniBlend Pro + 3 x Jars & Lid","140.00"
"541310","171040","OmniBlend Jug Options","1","735604","JTC OmniBlend Pro + 4 x Jars & Lid","210.00"
"541310","171040","OmniBlend Jug Options","1","742932","JTC OmniBlend Pro + 5 x Jars & Lid","280.00"
"541310","171040","OmniBlend Jug Options","1","757422","JTC OmniBlend Pro With NO Jugs","-60.00"
"532017","161331","Jumbo Straw Options","1","702666","Jumbo Straw (100)","0.00"
"532017","161331","Jumbo Straw Options","1","702665","Jumbo Straw With Spoon End (100)","0.00"
"531814","161235","Pack Size","1","702207","Jura Cleaning Tablets - 25 Pack","0.00"
"531814","161235","Pack Size","1","702208","Jura Cleaning Tablets - 100 Pack","42.50"
"548841","174538","Jura A1 Colour Option","1","751069","Jura A1 Piano White","0.00"
"548841","174538","Jura A1 Colour Option","1","751070","Jura A1 Black","0.00"
"531945","161298","Jura Cool Control Option","1","702520","Jura Cool Control Basic - 0.6 Litre","0.00"
"531945","161298","Jura Cool Control Option","1","702521","Jura Cool Control Basic - 1 Litre","60.00"
"531945","161298","Jura Cool Control Option","1","735411","Jura Cool Control - Wireless - 0.6 Litre","60.00"
"531945","161298","Jura Cool Control Option","1","735412","Jura Cool Control - Wireless - 1 Litre","150.00"
"531945","161298","Jura Cool Control Option","1","735413","Jura Wireless Upgrade Kit","-30.00"
"531738","161205","Pack Size","1","702078","Jura Descaling 1 x 9","0.00"
"531738","161205","Pack Size","1","702079","Jura Descaling 1 x 36","26.20"
"548850","174539","Jura GIGA 5 Colour Options","1","751072","Jura GIGA 5 - Aluminium","0.00"
"548850","174539","Jura GIGA 5 Colour Options","1","751073","Jura GIGA 5 - Chrome","198.25"
"538591","174572","Colour Option","1","751172","JURA GIGA X8 GEN 2 - BLACK","0.00"
"538591","174572","Colour Option","1","751173","JURA GIGA X8 GEN 2 - CHROME","400.00"
"541120","172624","Jura E8 Colour Options","1","744618","Jura E8 - Inox","0.00"
"541120","172624","Jura E8 Colour Options","1","744617","Jura E8 - Black","0.00"
"541120","172624","Jura E8 Colour Options","1","751071","Jura E8 - Chrome","90.00"
"540084","170708","Jura Z6 Colour Option","1","733047","Jura Z6 - Aluminium","0.00"
"540084","170708","Jura Z6 Colour Option","1","753245","Jura Z6 - Black","0.00"
"548840","175057","Jura J6 Colour Options","1","753246","Jura J6 - Piano White","0.00"
"548840","175057","Jura J6 Colour Options","1","753247","Jura J6 - Silver","0.00"
"531704","161186","Jura Foamer Option","1","702024","Jura Easy Fine Foamer","0.00"
"531704","161186","Jura Foamer Option","1","702025","Jura Professional Fine Foamer","12.00"
"548838","174584","Jura S8 Colour Option","1","751209","Jura S8 - Silver","0.00"
"548838","174584","Jura S8 Colour Option","1","751210","Jura S8 - Chrome","100.00"
"543013","171860","Jura WE8 Package Options","1","741068","Jura WE8 & Jura Cup Warmer","0.00"
"543013","171860","Jura WE8 Package Options","1","741069","Jura WE8 & Jura Cup Warmer & 0.6L Cool Control","150.00"
"543013","171860","Jura WE8 Package Options","1","744491","Jura WE8 - Machine Only","-100.00"
"543013","171860","Jura WE8 Package Options","1","752983","Jura WE8 & Jura 1L Cool Control","50.00"
"531630","161151","Paper Bag Option","1","701691","Small Paper Carry Bags (250) (7"x3.5"x9")","0.00"
"531630","161151","Paper Bag Option","1","701692","Medium Paper Carry Bags (250) (8.5"x4.5"x10")","2.50"
"531630","161151","Paper Bag Option","1","701693","Large Paper Carry Bags (250) (10"x4.5"x10")","5.00"
"531904","161283","Ripple Cup Option","1","702442","8oz Ripple Cup - KRAFT (500)","9.50"
"531904","161283","Ripple Cup Option","1","735672","8oz Ripple Cup - KRAFT (100)","-12.50"
"531904","161283","Ripple Cup Option","1","750537","10oz Ripple Cup - KRAFT (500)","14.50"
"531904","161283","Ripple Cup Option","1","750538","10oz Ripple Cup - KRAFT (100)","-11.50"
"531904","161283","Ripple Cup Option","1","702443","12oz Ripple Cup - KRAFT (500)","14.50"
"531904","161283","Ripple Cup Option","1","735673","12oz Ripple Cup - KRAFT (100)","-11.50"
"531904","161283","Ripple Cup Option","1","702438","16oz Ripple Cup - KRAFT (500)","12.00"
"531904","161283","Ripple Cup Option","1","735674","16oz Ripple Cup - KRAFT (100)","-10.50"
"531904","161283","Ripple Cup Option","1","702439","20oz Ripple Cup - KRAFT (500)","39.50"
"531904","161283","Ripple Cup Option","1","735675","20oz Ripple Cup - KRAFT (100)","-8.50"
"531904","161283","Ripple Cup Option","1","735676","4oz Ripple Cup - KRAFT (100)","-14.00"
"531904","161283","Ripple Cup Option","1","717638","4oz Ripple Cup - KRAFT (500)","0.00"
"531904","161283","Ripple Cup Option","1","741098","8oz Lids WHITE- (1000)","1.50"
"531904","161283","Ripple Cup Option","1","741099","8oz Lids BLACK - (1000)","1.50"
"531904","161283","Ripple Cup Option","1","741096","10 / 12 / 16 / 20oz Lids WHITE - (1000)","2.50"
"531904","161283","Ripple Cup Option","1","741097","10 / 12 / 16 / 20oz Lids BLACK - (1000)","2.50"
"548769","174390","DELI BOX SIZE","1","750535","120 x Deli Box 36oz - 195 x 140 x 50 mm","5.00"
"548769","174390","DELI BOX SIZE","1","750536","100 x Deli Box 56oz - 197 x 140 x 64 mm","5.00"
"548769","174390","DELI BOX SIZE","1","750534","120 x Deli Box 32oz - 142 x 111 x 64 mm","0.00"
"548769","174390","DELI BOX SIZE","1","750533","300 x Deli Box 22oz- 105 x 90 x 63mm","10.00"
"550008","174967","La Spazielle S5 Options","1","752972","La Spazielle S5 - 1 Group","0.00"
"550008","174967","La Spazielle S5 Options","1","752976","La Spazielle S5 - 2 Group Compact - Standard","400.00"
"550008","174967","La Spazielle S5 Options","1","752977","La Spazielle S5 - 2 Group Compact - Takeaway","700.00"
"550008","174967","La Spazielle S5 Options","1","752973","La Spazielle S5 - 2 Group - Standard","1200.00"
"550008","174967","La Spazielle S5 Options","1","752974","La Spazielle S5 - 2 Group - Takeaway","1500.00"
"550008","174967","La Spazielle S5 Options","1","752975","La Spazielle S5 - 3 Group - Standard","2000.00"
"550008","174967","La Spazielle S5 Options","1","752980","La Spazielle S5 - 3 Group - Takeaway","2400.00"
"550008","174967","La Spazielle S5 Options","1","752978","La Spazielle S5 - 4 Group - Standard","2700.00"
"550008","174967","La Spazielle S5 Options","1","752979","La Spazielle S5 - 4 Group - Takeaway","3000.00"
"531854","161266","Latte Mug Size","1","702365","12oz Latte Mug (6)","0.00"
"531854","161266","Latte Mug Size","1","702366","*NEW* 16oz Latte Mug (6)","2.50"
"551095","175914","Lavazza Cup Option","1","757417","8OZ Lavazza Double Wall Cups x 500","0.00"
"551095","175914","Lavazza Cup Option","1","757418","12OZ Lavazza Double Wall Cups x 500","8.00"
"551095","175914","Lavazza Cup Option","1","757419","White Sip Lids x 1000 To Fit Both Sizes [8WHITE]","-13.00"
"551095","175914","Lavazza Cup Option","1","757420","BlackSip Lids x 1000 To Fit Both Sizes [8BLACK]","-13.00"
"540269","170369","Lavazza Coffee Option","1","730685","Lavazza Grand Ristorazione Red - KILO","10.49"
"540269","170369","Lavazza Coffee Option","1","730693","Lavazza DEK - 500g","8.99"
"540269","170369","Lavazza Coffee Option","1","730691","Lavazza Qualita Rossa Red - KILO","13.49"
"540269","170369","Lavazza Coffee Option","1","730686","Lavazza Crema E Aroma - KILO","10.00"
"540269","170369","Lavazza Coffee Option","1","730694","Lavazza Super Crema - KILO","11.99"
"540269","170369","Lavazza Coffee Option","1","730690","Lavazza Tierra - KILO","11.99"
"540269","170369","Lavazza Coffee Option","1","730687","Lavazza Grand Espresso - KILO","12.00"
"540269","170369","Lavazza Coffee Option","1","730688","Lavazza Gold Selection - KILO","12.49"
"540269","170369","Lavazza Coffee Option","1","730689","Lavazza Top Class Selection - KILO","12.99"
"540269","170369","Lavazza Coffee Option","1","730692","Lavazza Pienaroma - KILO","13.49"
"539762","169190","Lavazza Gran Filtro Option","1","728600","30 x 64g NEW TOP CLASS Gran Filtro Filter","0.00"
"539762","169190","Lavazza Gran Filtro Option","1","728601","20 x 226 Gran Filtro Filter","15.00"
"539762","169190","Lavazza Gran Filtro Option","1","728602","6 x 1 Kilo Gran Filtro Filter","35.00"
"549074","174598","Macap MXA Grinder Colour","1","751271","Macap MXA - Black Finish","0.00"
"549074","174598","Macap MXA Grinder Colour","1","751272","Macap MXA - Silver Finish","0.00"
"549074","174598","Macap MXA Grinder Colour","1","751270","Macap MXA - Chrome Finish","79.00"
"531962","161303","Installation Options","1","702532","Delivery Only","0.00"
"531962","161303","Installation Options","1","735444","Delivery Only & Water Filter Kit","120.00"
"531962","161303","Installation Options","1","702533","Deliver / Install & Train","150.00"
"531962","161303","Installation Options","1","702534","Deliver / Install With Water Filter & Train","275.00"
"549076","174600","Mazzer Super Jolly Options","1","751278","Mazzer Super Jolly - Manual Grinder","0.00"
"549076","174600","Mazzer Super Jolly Options","1","751279","Mazzer Super Jolly - Timer Grinder","40.00"
"549076","174600","Mazzer Super Jolly Options","1","751280","Mazzer Super Jolly - Automatic Grinder","100.00"
"531759","161220","Tamper Type","1","702124","Metal Handled Tamper 57mm","0.00"
"531759","161220","Tamper Type","1","702123","Wooden Handled Tamper 57mm","5.00"
"531644","168135","Pack Size","1","722840","100 x 15g Sachets (2 - 3 Cup)","0.00"
"531644","168135","Pack Size","1","722841","6 x 1 Kilo","13.50"
"531716","161193","Pack Size","1","702046","50 x 3 Pint - 50g Sachets","0.00"
"531716","161193","Pack Size","1","712603","50 x 3 Pint - 70g Sachets","5.00"
"531716","161193","Pack Size","1","719249","1 Kilo Bag","-13.70"
"531716","161193","Pack Size","1","702047","6 x 1 Kilo Bags","25.50"
"531721","161197","Thermometor Size","1","702054","Short Thermometor (5.5 Inch Stem) With Clip (KC)","0.00"
"531721","161197","Thermometor Size","1","702055","Long Thermometor (7.5 Inch Stem) With Clip","1.00"
"531653","161165","Milkshake Glass Size","1","701914","9oz Milkshake Glasses 1 x 6","0.00"
"531653","161165","Milkshake Glass Size","1","701915","12oz Milkshake Glasses 1 x 12","20.50"
"536977","168554","Motta Jug Option","1","724570","0.75 Litre Jug","0.00"
"536977","168554","Motta Jug Option","1","724571","1 Litre Jug","3.00"
"536977","168554","Motta Jug Option","1","724572","1.5 Litre Jug","7.00"
"531672","161173","PLA Option","1","701943","12oz (360ml) PLA Clear Cups (R360)","30.00"
"531672","161173","PLA Option","1","701944","16oz (500ml) PLA Clear Cups (R500)","35.00"
"531672","161173","PLA Option","1","701947","20oz (600ml) PLA Clear Cups (R600)","50.00"
"531672","161173","PLA Option","1","701948","10oz (290ml) Squat PLA Clear Cups (R300Y)","25.00"
"531672","161173","PLA Option","1","701946","FLAT Straw Slot Lids (Fits All PLA Cups) (C96)","0.00"
"531672","161173","PLA Option","1","701945","DOMED Lids (Fits All PLA Cups) (C96-DH)","5.00"
"531934","161293","White Cup Options","1","702486","8oz White Paper Cups (1000)","0.00"
"531934","161293","White Cup Options","1","702487","12oz White Paper Cups (1000)","7.00"
"531934","161293","White Cup Options","1","730554","16oz White Paper Cups (1000)","15.00"
"531934","161293","White Cup Options","1","702485","4oz Espresso White Cups - (500)","-23.00"
"531934","161293","White Cup Options","1","702488","8oz Sip Lids - (1000) - White","-20.00"
"531934","161293","White Cup Options","1","702489","8oz Sip Lids - (1000) - Black","-20.00"
"531934","161293","White Cup Options","1","702490","12 / 16 / 20oz Sip Lids - (1000) - Black","-19.00"
"531934","161293","White Cup Options","1","702491","12 / 16 / 20oz Sip Lids - (1000) - White","-19.00"
"531934","161293","White Cup Options","1","722646","4oz Sip Lids - (500) - White","-28.00"
"539517","168790","Plastic Tumbler Size","1","725856","CE - Half Pint To Brim - 285ml x 1000","0.00"
"539517","168790","Plastic Tumbler Size","1","725857","CE - Pint To Brim - 568ml x 1000","10.00"
"531922","161286","PP Cup Option","1","702462","10oz PP Plastic Cups - SQUAT (U290)","20.00"
"531922","161286","PP Cup Option","1","702455","12oz PP Plastic Cups (U360)","25.00"
"531922","161286","PP Cup Option","1","702456","16oz PP Plastic Cups (U500)","30.00"
"531922","161286","PP Cup Option","1","702457","20oz PP Plastic Cups (U600)","45.00"
"531922","161286","PP Cup Option","1","702459","Clear FLAT Lids - Fits All Sizes (C5)","0.00"
"531922","161286","PP Cup Option","1","702458","Clear DOMED Lids - Fits All Sizes (CH-BAVE)","3.00"
"531922","161286","PP Cup Option","1","750427","1oz Mini Sample Pots (100)","-28.00"
"531922","161286","PP Cup Option","1","702461","Jumbo Smoothie Straws (100)","-28.50"
"531922","161286","PP Cup Option","1","702460","Jumbo Smoothie SPOON Straws (100)","-28.50"
"531843","166252","Tablet Size","1","716726","Puly Caff Tablets - 100 x 1g","0.00"
"531843","166252","Tablet Size","1","716725","Puly Caff Tablets - 100 x 1.3g","0.00"
"531843","166252","Tablet Size","1","757378","Puly Caff Tablets - 60 x 2.5g","0.00"
"548783","174597","Paper Straws Colour Options","1","751262","BLACK & WHITE STRIPE - Paper Straws x 500","-0.01"
"548783","174597","Paper Straws Colour Options","1","751267","RED & WHITE STRIPE - Paper Straws x 500","0.00"
"548783","174597","Paper Straws Colour Options","1","751263","AQUA & WHITE STRIPE - Paper Straws x 500","0.00"
"548783","174597","Paper Straws Colour Options","1","751264","NAVY & WHITE STRIPE - Paper Straws x 500","0.00"
"548783","174597","Paper Straws Colour Options","1","751265","GREEN & WHITE STRIPE - Paper Straws x 500","0.00"
"548783","174597","Paper Straws Colour Options","1","751266","PURPLE & WHITE STRIPE - Paper Straws x 500","0.00"
"548783","174597","Paper Straws Colour Options","1","751261","All BLACK - Paper Straws x 500","0.00"
"531724","161199","Cup Type","1","702063","Latte Mugs 9oz","-5.00"
"531724","161199","Cup Type","1","702058","Espresso Cups","-5.00"
"531724","161199","Cup Type","1","702059","Med Cappuccino Cups","0.00"
"531724","161199","Cup Type","1","702060","Large Cappuccino Cups","5.00"
"531724","161199","Cup Type","1","702062","Latte Mugs 12oz","0.00"
"531643","174588","Rio Magdalena Grind Options","1","751225","Whole Bean","0.00"
"531643","174588","Rio Magdalena Grind Options","1","751229","Espresso Fine","0.00"
"531643","174588","Rio Magdalena Grind Options","1","751226","Filter Fine","0.00"
"531643","174588","Rio Magdalena Grind Options","1","751227","Cafetiere Grind","0.00"
"531643","174588","Rio Magdalena Grind Options","1","751228","Turkish / Stove Top Grind","0.00"
"543937","172218","Loyalty Card Options","1","742934","Loyalty Cards x 100","0.00"
"543937","172218","Loyalty Card Options","1","742935","Loyalty Card Stamp","7.00"
"546679","173550","Frappe Flavour","1","757454","Cookies & Cream Frappe 1 KG","0.00"
"546679","173550","Frappe Flavour","1","747183","Caffe Frappe 1 KG","0.00"
"546679","173550","Frappe Flavour","1","747182","Vanilla Frappe 1 KG","0.00"
"546679","173550","Frappe Flavour","1","747181","Toffee Frappe 1 KG","0.00"
"546679","173550","Frappe Flavour","1","757583","Mocha Frappe 1 KG","0.00"
"546679","173550","Frappe Flavour","1","757584","Chocolate Frappe 1 KG","0.00"
"547815","173700","COFFEE GRIND OPTIONS","1","747726","Coffee Whole Beans","0.00"
"547815","173700","COFFEE GRIND OPTIONS","1","747727","Espresso Grind","3.00"
"547815","173700","COFFEE GRIND OPTIONS","1","747730","Filter Grind","3.00"
"547815","173700","COFFEE GRIND OPTIONS","1","747728","Cafetiere Grind","3.00"
"547815","173700","COFFEE GRIND OPTIONS","1","747729","Turkish (Moka) Grind","3.00"
"539851","169355","Grind Option","1","729654","Coffee Beans","0.00"
"539851","169355","Grind Option","1","729655","Espresso Fine","0.00"
"539851","169355","Grind Option","1","729656","Cafetiere Grind","0.00"
"539851","169355","Grind Option","1","729657","Filter Fine","0.00"
"539851","169355","Grind Option","1","744403","Turkish / Moka Grind","0.00"
"531927","174540","Premium Chocolate Pack Option","1","751074","1 Kilo Bag Of Premium Choc","0.00"
"531927","174540","Premium Chocolate Pack Option","1","751075","10 x 1 Kilo Bag Of Premium Choc [Case]","0.00"
"531746","174601","Premium Blend Tea Option","1","751281","English Breakfast Tea Bags - 1 Cup","0.00"
"531746","174601","Premium Blend Tea Option","1","751282","English Breakfast Tea Bags - 2 Cup","2.00"
"531746","174601","Premium Blend Tea Option","1","757453","FAIRTRADE English Breakfast Tea Bags - 1 Cup","6.50"
"531732","165726","Grind Option","1","714949","Beans","0.00"
"531732","165726","Grind Option","1","714950","Espresso Ground","0.00"
"545656","172659","Samba Grind Options","1","744728","Coffee Whole Bean","0.00"
"545656","172659","Samba Grind Options","1","744729","Ground Filter Coffee","0.00"
"545656","172659","Samba Grind Options","1","744730","Cafetiere Grind","0.00"
"545656","172659","Samba Grind Options","1","744731","Espresso Fine","0.00"
"545656","172659","Samba Grind Options","1","744732","Turkish / Moka Grind","0.00"
"531882","173625","Grind Option","1","747463","Whole Beans","0.00"
"531882","173625","Grind Option","1","747464","Filter Coffee","0.00"
"531882","173625","Grind Option","1","747465","Cafetiere Coffee","0.00"
"531882","173625","Grind Option","1","747466","Espresso Ground","0.00"
"531882","173625","Grind Option","1","747467","Turkish Grind","0.00"
"551153","175915","Triple Certified Grind Options","1","757425","Coffee Beans 6 x 1 Kilo","0.00"
"551153","175915","Triple Certified Grind Options","1","757429","Espresso Grind Coffee 6 x 1 Kilo","0.00"
"551153","175915","Triple Certified Grind Options","1","757426","Filter Grind Coffee 6 x 1 Kilo","0.00"
"551153","175915","Triple Certified Grind Options","1","757427","Cafetiere Grind Coffee 6 x 1 Kilo","0.00"
"551153","175915","Triple Certified Grind Options","1","757428","Turkish Grind Coffee 6 x 1 Kilo","0.00"
"531870","170966","Milkshake Kit Option","1","734966","Full Kit - Black Mixer","0.00"
"531870","170966","Milkshake Kit Option","1","734964","Full Kit - Red Mixer","0.00"
"531870","170966","Milkshake Kit Option","1","734965","Full Kit - Blue Mixer","0.00"
"531870","170966","Milkshake Kit Option","1","734967","Full Kit - Cream Mixer","0.00"
"531870","170966","Milkshake Kit Option","1","751233","Full Kit - Silver Gloss Mixer","20.00"
"531870","170966","Milkshake Kit Option","1","734963","Shakes Only - No Mixer","-120.00"
"531856","161268","Sugar Option","1","702369","White Rough Cut Sugar Cubes","0.00"
"531856","161268","Sugar Option","1","702370","Brown Rough Cut Sugar Cubes","0.00"
"543528","172008","Santa Rosa Option","1","741963","Coffee Beans","0.00"
"543528","172008","Santa Rosa Option","1","741964","Filter Fine","0.00"
"543528","172008","Santa Rosa Option","1","741965","Cafetiere Grind","0.00"
"543528","172008","Santa Rosa Option","1","741966","Espresso Fine","0.00"
"543528","172008","Santa Rosa Option","1","741967","Turkish Grind","0.00"
"537146","167250","Select Your Syrup Kit","1","719633","3 Syrup Pack","0.00"
"537146","167250","Select Your Syrup Kit","1","747884","3 Syrup Pack & Display Stand","15.00"
"537146","167250","Select Your Syrup Kit","1","719631","6 Syrup Pack","17.00"
"537146","167250","Select Your Syrup Kit","1","730705","6 Syrup Pack & Display Stand","30.00"
"531640","161155","Shmoo MilkShake Cup Options","1","701721","No Cups","0.00"
"531640","161155","Shmoo MilkShake Cup Options","1","701720","FREE - 12 Oz Cups, Lids & Straws x 120","0.00"
"531640","161155","Shmoo MilkShake Cup Options","1","701719","FREE - 20 Oz Cups, Lids & Straws x 80","0.00"
"531640","161155","Shmoo MilkShake Cup Options","1","737755","CUPS ONLY - 12 Oz Cups, Lids & Straws x 120","-26.60"
"531640","161155","Shmoo MilkShake Cup Options","1","737756","CUPS ONLY - 20 Oz Cups, Lids & Straws x 80","-26.60"
"531641","161156","Shmoo MilkShake Cup Options","1","701724","No Cups","0.00"
"531641","161156","Shmoo MilkShake Cup Options","1","701723","FREE - 12 Oz Cups, Lids & Straws x 120","0.00"
"531641","161156","Shmoo MilkShake Cup Options","1","701722","FREE - 20 Oz Cups, Lids & Straws x 80","0.00"
"531641","161156","Shmoo MilkShake Cup Options","1","737757","Cups Only - 20 Oz Cups, Lids & Straws x 80","-26.60"
"531641","161156","Shmoo MilkShake Cup Options","1","737758","Cups Only - 12 Oz Cups, Lids & Straws x 120","-26.60"
"551235","175941","Shmoo MilkShake Cup Options","1","757554","No Cups","0.00"
"551235","175941","Shmoo MilkShake Cup Options","1","757555","FREE - 12 Oz Cups, Lids & Straws x 120","0.00"
"551235","175941","Shmoo MilkShake Cup Options","1","757556","FREE - 20 Oz Cups, Lids & Straws x 80","0.00"
"551235","175941","Shmoo MilkShake Cup Options","1","757557","Cups Only - 20 Oz Cups, Lids & Straws x 80","-26.60"
"551235","175941","Shmoo MilkShake Cup Options","1","757558","Cups Only - 12 Oz Cups, Lids & Straws x 120","-26.60"
"531661","161169","Dinkum Mixed Case Cup Selection","1","701927","No Cups","0.00"
"531661","161169","Dinkum Mixed Case Cup Selection","1","701924","All 20oz Cups, Lids & Straws","0.00"
"531661","161169","Dinkum Mixed Case Cup Selection","1","701925","All 12oz Cups, Lids & Straws","0.00"
"531661","161169","Dinkum Mixed Case Cup Selection","1","701926","Half 20oz & Half 12oz Cups, Lids & Straws","0.00"
"531905","161284","Shmoo MilkShake Cup Option","1","702449","No Cups","0.00"
"531905","161284","Shmoo MilkShake Cup Option","1","702448","FREE - 12 Oz Cups, Lids & Straws x 120","0.00"
"531905","161284","Shmoo MilkShake Cup Option","1","702447","FREE - 20 Oz Cups, Lids & Straws x 80","0.00"
"531905","161284","Shmoo MilkShake Cup Option","1","737759","CUPS ONLY - 12 Oz Cups, Lids & Straws x 120","-26.60"
"531905","161284","Shmoo MilkShake Cup Option","1","737760","CUPS ONLY - 20 Oz Cups, Lids & Straws x 80","-26.60"
"531652","161164","Shmoo MilkShake Cup Options","1","701913","No Cups","0.00"
"531652","161164","Shmoo MilkShake Cup Options","1","701912","FREE - 12 Oz Cups, Lids & Straws x 120","0.00"
"531652","161164","Shmoo MilkShake Cup Options","1","701911","FREE - 20 Oz Cups, Lids & Straws x 80","0.00"
"531652","161164","Shmoo MilkShake Cup Options","1","737763","Cups Only - 20 Oz Cups, Lids & Straws x 80","-26.60"
"531652","161164","Shmoo MilkShake Cup Options","1","737764","Cups Only - 12 Oz Cups, Lids & Straws x 120","-26.60"
"531623","167114","Pack Size","1","719250","100 x 15g Cafetiere Sachets (1-2 Cup)","0.00"
"531623","167114","Pack Size","1","719251","6 x 1 Kilo Bags","20.00"
"531623","167114","Pack Size","1","719252","1 Kilo Bag","-29.00"
"531713","161190","Pack Size","1","702039","50 x 3 Pint - 50g Sachets","0.00"
"531713","161190","Pack Size","1","712604","6 x 1 Kilo Bags","28.50"
"531807","164463","Hot Drink Flavours","1","711470","Almond Syrup","0.00"
"531807","164463","Hot Drink Flavours","1","749079","Black Forest Syrup *NEW*","0.00"
"531807","164463","Hot Drink Flavours","1","749078","Popcorn Syrup *NEW*","0.00"
"531807","164463","Hot Drink Flavours","1","749081","Coffee Syrup *NEW*","0.00"
"531807","164463","Hot Drink Flavours","1","749080","Pannetone Syrup *NEW*","0.00"
"531807","164463","Hot Drink Flavours","1","749082","Hot Cross Bun Syrup *NEW*","0.00"
"531807","164463","Hot Drink Flavours","1","711471","Amaretto Syrup","0.00"
"531807","164463","Hot Drink Flavours","1","711472","Banoffee Syrup","0.00"
"531807","164463","Hot Drink Flavours","1","711473","Butterscotch Syrup","0.00"
"531807","164463","Hot Drink Flavours","1","729193","BubbleGum Syrup *NEW*","0.00"
"531807","164463","Hot Drink Flavours","1","711474","Caramel Syrup","0.00"
"531807","164463","Hot Drink Flavours","1","711478","Cheesecake Syrup","0.00"
"531807","164463","Hot Drink Flavours","1","729194","Christmas Pudding Syrup","0.00"
"531807","164463","Hot Drink Flavours","1","711480","Chocolate Syrup","0.00"
"531807","164463","Hot Drink Flavours","1","711481","Chocolate Mint Syrup","0.00"
"531807","164463","Hot Drink Flavours","1","711482","Cinnamon Syrup","0.00"
"531807","164463","Hot Drink Flavours","1","711485","Creme Brulee Syrup","0.00"
"531807","164463","Hot Drink Flavours","1","725855","Cupcake Syrup","0.00"
"531807","164463","Hot Drink Flavours","1","711486","English Toffee Syrup","0.00"
"531807","164463","Hot Drink Flavours","1","729196","Eggnog Syrup *NEW*","0.00"
"531807","164463","Hot Drink Flavours","1","711487","French Vanilla Syrup","0.00"
"531807","164463","Hot Drink Flavours","1","711488","Gingerbread Syrup","0.00"
"531807","164463","Hot Drink Flavours","1","711491","Hazelnut Syrup","0.00"
"531807","164463","Hot Drink Flavours","1","711492","Irish Cream Syrup","0.00"
"531807","164463","Hot Drink Flavours","1","729195","Pumpkin Spice Syrup","0.00"
"531807","164463","Hot Drink Flavours","1","735577","Peanut Butter Syrup *NEW*","0.00"
"531807","164463","Hot Drink Flavours","1","711496","Salted Caramel Syrup","0.00"
"531807","164463","Hot Drink Flavours","1","729192","Red Velvet Cake Syrup *NEW*","0.00"
"531807","164463","Hot Drink Flavours","1","711498","Spiced Chai Syrup","0.00"
"531807","164463","Hot Drink Flavours","1","711499","Sugar Syrup","0.00"
"531807","164463","Hot Drink Flavours","1","711497","Violet Syrup","0.00"
"531807","164463","Hot Drink Flavours","1","711500","Toasted Marshmallow Syrup","0.00"
"531807","164463","Hot Drink Flavours","1","711505","Vanilla Syrup","0.00"
"531807","164463","Hot Drink Flavours","1","711506","White Chocolate Syrup","0.00"
"531807","164463","Hot Drink Flavours","1","749104","Sugar Free Caramel","1.00"
"531807","164463","Hot Drink Flavours","1","749105","Sugar Free Vanilla","1.00"
"531807","164463","Hot Drink Flavours","1","749106","Sugar Free Chocolate *NEW*","1.00"
"531807","164463","Hot Drink Flavours","1","749107","Sugar Free Hazelnut","1.00"
"531807","164463","Hot Drink Flavours","1","753972","Sugar Free Amaretto *NEW*","0.00"
"531807","164463","Hot Drink Flavours","1","753973","Sugar Free Gingerbread *NEW*","0.00"
"531807","164463","Hot Drink Flavours","1","753974","Sugar Free Sugar Syrup *NEW*","0.00"
"537090","167230","Sauce Flavour Choice","1","719554","MILK Chocolate","0.00"
"537090","167230","Sauce Flavour Choice","1","757377","Vegan Chocolate *NEW*","0.50"
"537090","167230","Sauce Flavour Choice","1","724796","BubbleGum","0.00"
"537090","167230","Sauce Flavour Choice","1","757759","Mango","0.00"
"537090","167230","Sauce Flavour Choice","1","757421","Chocolate & Hazelnut","0.00"
"537090","167230","Sauce Flavour Choice","1","743184","Apple & Cinnamon","0.00"
"537090","167230","Sauce Flavour Choice","1","719558","Cherry","0.00"
"537090","167230","Sauce Flavour Choice","1","755091","Kiwi","0.00"
"537090","167230","Sauce Flavour Choice","1","719557","Belgian White Chocolate","0.80"
"537090","167230","Sauce Flavour Choice","1","749170","Raspberry","0.00"
"537090","167230","Sauce Flavour Choice","1","719555","Caramel","0.00"
"537090","167230","Sauce Flavour Choice","1","758371","Mint","0.00"
"537090","167230","Sauce Flavour Choice","1","749171","Strawberry","0.00"
"537090","167230","Sauce Flavour Choice","1","757376","Peach","0.00"
"537090","167230","Sauce Flavour Choice","1","757498","Toffee","0.80"
"537090","167230","Sauce Flavour Choice","1","757768","Lotus Biscoff 1L","1.30"
"531581","161137","Italian Wafer Flavour","1","701638","Chocolate Wafers 20 x 45g","0.00"
"531581","161137","Italian Wafer Flavour","1","701637","Hazelnut Wafers 20 x 45g","0.00"
"531581","161137","Italian Wafer Flavour","1","701636","Vanilla Wafers 20 x 45g","0.00"
"531581","161137","Italian Wafer Flavour","1","753151","Hazelnut Wafers 20 x 45g - Past Dated Stock","-5.00"
"531581","161137","Italian Wafer Flavour","1","753152","Chocolate Wafers 20 x 45g - Past Dated Stock","-5.00"
"543898","172149","Retail Syrup Option","1","742744","Caramel","0.00"
"543898","172149","Retail Syrup Option","1","744526","Gingerbread","0.00"
"543898","172149","Retail Syrup Option","1","742751","Strawberry","0.00"
"543898","172149","Retail Syrup Option","1","742750","Mint","0.00"
"543898","172149","Retail Syrup Option","1","742749","Cinnamon","0.00"
"543898","172149","Retail Syrup Option","1","742748","Chocolate","0.00"
"543898","172149","Retail Syrup Option","1","742747","Irish Cream","0.00"
"543898","172149","Retail Syrup Option","1","742746","Vanilla","0.00"
"543898","172149","Retail Syrup Option","1","742745","Hazelnut","0.00"
"543898","172149","Retail Syrup Option","1","747818","Toasted Marshmallow","0.00"
"531648","161158","Flavour 1","1","749088","Candy Floss Syrup","0.00"
"531648","161158","Flavour 1","1","733052","Red Velvet Cake","0.00"
"531648","161158","Flavour 1","1","749089","Pannetone Syrup","0.00"
"531648","161158","Flavour 1","1","749090","Black Forest Syrup","0.00"
"531648","161158","Flavour 1","1","733053","Chestnut Praline","0.00"
"531648","161158","Flavour 1","1","733051","BubbleGum","0.00"
"531648","161158","Flavour 1","1","733050","Pumpkin Spice","0.00"
"531648","161158","Flavour 1","1","733049","Honeycomb","0.00"
"531648","161158","Flavour 1","1","749091","Coffee Syrup","0.00"
"531648","161158","Flavour 1","1","749087","Popcorn Syrup","0.00"
"531648","161158","Flavour 1","1","701735","Almond","0.00"
"531648","161158","Flavour 1","1","701736","Amaretto","0.00"
"531648","161158","Flavour 1","1","701737","Banana","0.00"
"531648","161158","Flavour 1","1","701738","Blueberry","0.00"
"531648","161158","Flavour 1","1","701739","Butterscotch","0.00"
"531648","161158","Flavour 1","1","701740","Caramel","0.00"
"531648","161158","Flavour 1","1","701741","Chai","0.00"
"531648","161158","Flavour 1","1","701742","Chocolate","0.00"
"531648","161158","Flavour 1","1","701743","Chocolate Mint","0.00"
"531648","161158","Flavour 1","1","701744","Cherry","0.00"
"531648","161158","Flavour 1","1","701769","Cane Sugar","0.00"
"531648","161158","Flavour 1","1","701745","Cinnamon","0.00"
"531648","161158","Flavour 1","1","701746","Coconut","0.00"
"531648","161158","Flavour 1","1","701747","Cranberry","0.00"
"531648","161158","Flavour 1","1","701771","Eggnog","0.00"
"531648","161158","Flavour 1","1","701748","English Toffee","0.00"
"531648","161158","Flavour 1","1","701749","French Vanilla","0.00"
"531648","161158","Flavour 1","1","701750","Gingerbread","0.00"
"531648","161158","Flavour 1","1","701751","Hazelnut","0.00"
"531648","161158","Flavour 1","1","701752","Irish Cream","0.00"
"531648","161158","Flavour 1","1","701753","Lemon","0.00"
"531648","161158","Flavour 1","1","701754","Lime","0.00"
"531648","161158","Flavour 1","1","701755","Marshmallow","0.00"
"531648","161158","Flavour 1","1","701756","Mint","0.00"
"531648","161158","Flavour 1","1","701757","Orange","0.00"
"531648","161158","Flavour 1","1","701758","Passion Fruit","0.00"
"531648","161158","Flavour 1","1","701759","Peach","0.00"
"531648","161158","Flavour 1","1","701760","Pineapple","0.00"
"531648","161158","Flavour 1","1","701763","Strawberry","0.00"
"531648","161158","Flavour 1","1","701764","Raspberry","0.00"
"531648","161158","Flavour 1","1","701762","White Chocolate","0.00"
"531648","161158","Flavour 1","1","701768","Sugar Free Hazelnut","1.00"
"531648","161158","Flavour 1","1","701767","Sugar Free Caramel","1.00"
"531648","161158","Flavour 1","1","701766","Sugar Free Vanilla","1.00"
"531648","161158","Flavour 1","1","720736","Sugar Free Chocolate","1.00"
"531648","161158","Flavour 1","1","701761","Vanilla","0.00"
"531648","161158","Flavour 1","1","701765","Xmas Pudding Syrup","0.00"
"531648","161159","Flavour 2","1","749100","Candy Floss","0.00"
"531648","161159","Flavour 2","1","749099","Black Forest","0.00"
"531648","161159","Flavour 2","1","749098","Panettone","0.00"
"531648","161159","Flavour 2","1","749097","Coffee","0.00"
"531648","161159","Flavour 2","1","749096","Popcorn","0.00"
"531648","161159","Flavour 2","1","701798","Vanilla","0.00"
"531648","161159","Flavour 2","1","701772","Almond","0.00"
"531648","161159","Flavour 2","1","701773","Amaretto","0.00"
"531648","161159","Flavour 2","1","701774","Banana","0.00"
"531648","161159","Flavour 2","1","701775","Blueberry","0.00"
"531648","161159","Flavour 2","1","701776","Butterscotch","0.00"
"531648","161159","Flavour 2","1","701777","Caramel","0.00"
"531648","161159","Flavour 2","1","701778","Chai","0.00"
"531648","161159","Flavour 2","1","701779","Chocolate","0.00"
"531648","161159","Flavour 2","1","701780","Chocolate Mint","0.00"
"531648","161159","Flavour 2","1","701781","Cherry","0.00"
"531648","161159","Flavour 2","1","701782","Cinnamon","0.00"
"531648","161159","Flavour 2","1","701783","Coconut","0.00"
"531648","161159","Flavour 2","1","701784","Cranberry","0.00"
"531648","161159","Flavour 2","1","701785","English Toffee","0.00"
"531648","161159","Flavour 2","1","701806","Eggnog","0.00"
"531648","161159","Flavour 2","1","701786","French Vanilla","0.00"
"531648","161159","Flavour 2","1","701787","Gingerbread","0.00"
"531648","161159","Flavour 2","1","701788","Hazelnut","0.00"
"531648","161159","Flavour 2","1","701789","Irish Cream","0.00"
"531648","161159","Flavour 2","1","701790","Lemon","0.00"
"531648","161159","Flavour 2","1","701791","Lime","0.00"
"531648","161159","Flavour 2","1","701792","Marshmallow","0.00"
"531648","161159","Flavour 2","1","701793","Mint","0.00"
"531648","161159","Flavour 2","1","701794","Orange","0.00"
"531648","161159","Flavour 2","1","701795","Passion Fruit","0.00"
"531648","161159","Flavour 2","1","701796","Peach","0.00"
"531648","161159","Flavour 2","1","701797","Pineapple","0.00"
"531648","161159","Flavour 2","1","701800","Strawberry","0.00"
"531648","161159","Flavour 2","1","701799","White Chocolate","0.00"
"531648","161159","Flavour 2","1","701801","Raspberry","0.00"
"531648","161159","Flavour 2","1","701804","Sugar Free Hazelnut","0.00"
"531648","161159","Flavour 2","1","701803","Sugar Free Caramel","0.00"
"531648","161159","Flavour 2","1","701802","Sugar Free Vanilla","0.00"
"531648","161160","Flavour 3","1","751322","Sugar Free Sugar","0.00"
"531648","161160","Flavour 3","1","751321","Sugar Free Salted Caramel","0.00"
"531648","161160","Flavour 3","1","751320","Sugar Free Chocolate","0.00"
"531648","161160","Flavour 3","1","701823","Hazelnut","0.00"
"531648","161160","Flavour 3","1","701807","Almond","0.00"
"531648","161160","Flavour 3","1","701808","Amaretto","0.00"
"531648","161160","Flavour 3","1","701809","Banana","0.00"
"531648","161160","Flavour 3","1","701810","Blueberry","0.00"
"531648","161160","Flavour 3","1","701811","Butterscotch","0.00"
"531648","161160","Flavour 3","1","701812","Caramel","0.00"
"531648","161160","Flavour 3","1","701813","Chai","0.00"
"531648","161160","Flavour 3","1","701814","Chocolate","0.00"
"531648","161160","Flavour 3","1","701815","Chocolate Mint","0.00"
"531648","161160","Flavour 3","1","701816","Cherry","0.00"
"531648","161160","Flavour 3","1","701817","Cinnamon","0.00"
"531648","161160","Flavour 3","1","701818","Coconut","0.00"
"531648","161160","Flavour 3","1","701819","Cranberry","0.00"
"531648","161160","Flavour 3","1","701820","English Toffee","0.00"
"531648","161160","Flavour 3","1","701821","French Vanilla","0.00"
"531648","161160","Flavour 3","1","701822","Gingerbread","0.00"
"531648","161160","Flavour 3","1","701841","Eggnog","0.00"
"531648","161160","Flavour 3","1","701824","Irish Cream","0.00"
"531648","161160","Flavour 3","1","701825","Lemon","0.00"
"531648","161160","Flavour 3","1","701826","Lime","0.00"
"531648","161160","Flavour 3","1","701827","Marshmallow","0.00"
"531648","161160","Flavour 3","1","701828","Mint","0.00"
"531648","161160","Flavour 3","1","701829","Orange","0.00"
"531648","161160","Flavour 3","1","701830","Passion Fruit","0.00"
"531648","161160","Flavour 3","1","701831","Peach","0.00"
"531648","161160","Flavour 3","1","701832","Pineapple","0.00"
"531648","161160","Flavour 3","1","701833","Vanilla","0.00"
"531648","161160","Flavour 3","1","701835","Strawberry","0.00"
"531648","161160","Flavour 3","1","701834","White Chocolate","0.00"
"531648","161160","Flavour 3","1","701840","Sugar Free Amaretto","0.00"
"531648","161160","Flavour 3","1","701836","Raspberry","0.00"
"531648","161160","Flavour 3","1","701839","Sugar Free Hazelnut","0.00"
"531648","161160","Flavour 3","1","701838","Sugar Free Vanilla","0.00"
"531648","161160","Flavour 3","1","701837","Sugar Free Caramel","0.00"
"531869","161274","Fruit Flavour","1","702392","Apple Syrup","0.00"
"531869","161274","Fruit Flavour","1","702393","Banana Syrup","0.00"
"531869","161274","Fruit Flavour","1","702394","Blueberry Syrup","0.00"
"531869","161274","Fruit Flavour","1","719408","Blackberry Syrup *NEW*","0.00"
"531869","161274","Fruit Flavour","1","727701","CupCake Syrup  *NEW*","0.00"
"531869","161274","Fruit Flavour","1","729187","BubbleGum Syrup *NEW*","0.00"
"531869","161274","Fruit Flavour","1","702406","Cheesecake Syrup","0.00"
"531869","161274","Fruit Flavour","1","702402","Cherry Syrup","0.00"
"531869","161274","Fruit Flavour","1","702395","Coconut Syrup","0.00"
"531869","161274","Fruit Flavour","1","702396","Grenadine Syrup","0.00"
"531869","161274","Fruit Flavour","1","702411","Honeycomb Syrup","0.00"
"531869","161274","Fruit Flavour","1","702397","Kiwi Syrup","0.00"
"531869","161274","Fruit Flavour","1","702398","Lemon Syrup","0.00"
"531869","161274","Fruit Flavour","1","729197","Eggnog Syrup *NEW*","0.00"
"531869","161274","Fruit Flavour","1","702399","Lime Syrup","0.00"
"531869","161274","Fruit Flavour","1","702400","Mango Syrup *NEW*","0.00"
"531869","161274","Fruit Flavour","1","702409","Mint Syrup","0.00"
"531869","161274","Fruit Flavour","1","702401","Mojito Syrup","0.00"
"531869","161274","Fruit Flavour","1","702413","Orange Syrup","0.00"
"531869","161274","Fruit Flavour","1","702403","Passion Fruit Syrup","0.00"
"531869","161274","Fruit Flavour","1","702405","Pomegranate Syrup","0.00"
"531869","161274","Fruit Flavour","1","718587","Peach Syrup *NEW*","0.00"
"531869","161274","Fruit Flavour","1","718588","Pear Syrup *NEW*","0.00"
"531869","161274","Fruit Flavour","1","729189","Pumpkin Spice Syrup *NEW*","0.00"
"531869","161274","Fruit Flavour","1","702404","Raspberry Syrup","0.00"
"531869","161274","Fruit Flavour","1","702407","Strawberry Syrup","0.00"
"531869","161274","Fruit Flavour","1","729191","Pineapple Syrup *NEW*","0.00"
"531869","161274","Fruit Flavour","1","729188","Red Velvet Cake Syrup *NEW*","0.00"
"531869","161274","Fruit Flavour","1","702408","Spiced Chai Syrup","0.00"
"531869","161274","Fruit Flavour","1","702410","Sugar Syrup","0.00"
"531869","161274","Fruit Flavour","1","729190","Tropical Fruits *NEW*","0.00"
"531869","161274","Fruit Flavour","1","702412","Peppermint Syrup","0.00"
"531869","161274","Fruit Flavour","1","711533","Watermelon Syrup","0.00"
"535676","166077","Sugar Free Syrup Flavour","1","716415","Sugar Free Caramel Syrup","0.00"
"535676","166077","Sugar Free Syrup Flavour","1","757350","Sugar Free Almond Syrup","0.00"
"535676","166077","Sugar Free Syrup Flavour","1","757349","Sugar Free Strawberry Syrup","0.00"
"535676","166077","Sugar Free Syrup Flavour","1","758370","Sugar Free Cinnamon Syrup","0.00"
"535676","166077","Sugar Free Syrup Flavour","1","716416","Sugar Free Chocolate Syrup","0.00"
"535676","166077","Sugar Free Syrup Flavour","1","757348","Sugar Free Raspberry Syrup","0.00"
"535676","166077","Sugar Free Syrup Flavour","1","716417","Sugar Free Hazelnut Syrup","0.00"
"535676","166077","Sugar Free Syrup Flavour","1","716418","Sugar Free Vanilla Syrup","0.00"
"535676","166077","Sugar Free Syrup Flavour","1","750567","Sugar Free Sugar Syrup","0.00"
"535676","166077","Sugar Free Syrup Flavour","1","750568","Sugar Free Amaretto Syrup","0.00"
"535676","166077","Sugar Free Syrup Flavour","1","750569","Sugar Free Gingerbread Syrup","0.00"
"535676","166077","Sugar Free Syrup Flavour","1","750570","Sugar Free Salted Caramel Syrup","0.00"
"531679","161178","Simply Sauce Options","1","701984","Simply Chocolate Sauce","0.00"
"531679","161178","Simply Sauce Options","1","735671","Thick Sauce Pump (Including VAT)","-7.00"
"544040","172291","Winter Warmer Option","1","743176","Hot Spiced Apple","0.00"
"544040","172291","Winter Warmer Option","1","743175","Mulled Fruits","0.00"
"544040","172291","Winter Warmer Option","1","759495","Mulled Fruits [Halal]","0.00"
"544040","172291","Winter Warmer Option","1","743177","Lemon & Honey","0.00"
"544040","172291","Winter Warmer Option","1","743178","Lemon & Ginger","0.00"
"544040","172291","Winter Warmer Option","1","743179","Winter Warmer Kit","27.50"
"544040","172291","Winter Warmer Option","1","743180","Star Anise x 15","-4.20"
"544040","172291","Winter Warmer Option","1","743182","Star Anise x 30","-0.70"
"544040","172291","Winter Warmer Option","1","743181","Cinnamon Twills x 5","-4.70"
"544040","172291","Winter Warmer Option","1","743183","Cinnamon Twills x 15","2.00"
"531678","161176","Coffee Blend","1","758369","PureGusto Dark Italia - 250g","3.09"
"531678","161176","Coffee Blend","1","757435","PureGusto SUBLIMA Triple Certified - 250g","3.79"
"531678","161176","Coffee Blend","1","751230","PureGusto Colombian Magdalena - Great Taste Award - 250g","3.99"
"531678","161176","Coffee Blend","1","743169","PureGusto Santa Rosa - Great Taste Award 250g","3.29"
"531678","161176","Coffee Blend","1","729662","PureGusto MAMA CATA - Great Taste Award 250g","3.49"
"531678","161176","Coffee Blend","1","751269","PureGusto XTREME High Caffeine - 1 KG","7.49"
"531678","161176","Coffee Blend","1","729663","PureGusto Romero - 250g","2.99"
"531678","161176","Coffee Blend","1","729664","PureGusto Continental Intenso - 250g","2.79"
"531678","161176","Coffee Blend","1","729665","PureGusto Signature - Great Taste Award 250g","3.49"
"531678","161176","Coffee Blend","1","744733","PureGusto Oscuro Intenso 1 KG","8.99"
"531678","161176","Coffee Blend","1","701967","PureGusto Colombian Magdalena - Great Taste Award - 1 KG","12.99"
"531678","161176","Coffee Blend","1","701969","PureGusto Swiss Water Decaf - 500G","5.99"
"531678","161176","Coffee Blend","1","757436","PureGusto SUBLIMA Triple Certified - 1 Kilo","12.99"
"531678","161176","Coffee Blend","1","729661","PureGusto MAMA CATA - Great Taste Award 1 KG","11.99"
"531678","161176","Coffee Blend","1","718934","PureGusto Signature - Great Taste Award 1 KG","11.29"
"531678","161176","Coffee Blend","1","743170","PureGusto Santa Rosa - Great Taste Award 1 KG","11.49"
"531678","161176","Coffee Blend","1","701977","PureGusto Continental Intenso - 1 KG","7.99"
"531678","161176","Coffee Blend","1","701965","PureGusto Romero - 1 KG","9.49"
"531678","161176","Coffee Blend","1","723924","PureGusto Americas Range - New Jersey 1 KG","7.99"
"531678","161176","Coffee Blend","1","701972","PureGusto Dark Italia - 1 KG","9.79"
"531678","161176","Coffee Blend","1","701968","PureGusto 100% Arabica  - 1 KG","9.99"
"531678","161176","Coffee Blend","1","701970","PureGusto MICROLOT Nicaragua - 1 KG","10.99"
"531678","161176","Coffee Blend","1","701975","FairTrade Romero - 1 KG","10.99"
"531678","161176","Coffee Blend","1","701974","FairTrade Dark Italia - 1 KG","10.99"
"531678","161176","Coffee Blend","1","747291","PureGusto Swiss Water Decaf - 1 KG","11.99"
"531678","161176","Coffee Blend","1","751268","PureGusto XTREME High Caffeine - 227g","2.99"
"531678","169909","Grind Option","1","730547","Whole Beans","0.00"
"531678","169909","Grind Option","1","730548","Cafetiere Grind","0.50"
"531678","169909","Grind Option","1","730549","Filter Fine","0.50"
"531678","169909","Grind Option","1","730550","Turkish Grind","0.50"
"531678","169909","Grind Option","1","730551","Espresso Fine","0.50"
"534893","174833","Soup Container Colour Option","1","752470","White Soup Pots","0.00"
"534893","174833","Soup Container Colour Option","1","752471","Kraft Brown Soup Pots","1.00"
"534893","164862","Soup Container Size","1","712615","8oz Soup Container X 500","-2.00"
"534893","164862","Soup Container Size","1","712612","12oz Soup Container X 500","2.00"
"534893","164862","Soup Container Size","1","712613","16oz Soup Container X 500","5.00"
"534893","164862","Soup Container Size","1","712614","Lids For Soup Container - Fits All Sizes X 500","-5.00"
"531840","161256","Jug Size","1","702331","0.6 Litre Straight Sided Foaming Jug","0.00"
"531840","161256","Jug Size","1","702332","1 Litre Straight Sided Foaming Jug","1.00"
"531840","161256","Jug Size","1","702334","1.5 Litre Straight Sided Foaming Jug","3.00"
"531840","161256","Jug Size","1","702335","2 Litre Straight Sided Foaming Jug","8.00"
"531840","161256","Jug Size","1","702333","1 Litre BELLY Shaped Foaming Jug","3.00"
"531729","161202","Colour Options","1","702069","Stainless Steel","0.00"
"531729","161202","Colour Options","1","702070","Satin Black","0.00"
"531624","161150","Sweetbird Iced Tea Flavours","1","701687","Watermelon Iced Green Tea *NEW*","0.00"
"531624","161150","Sweetbird Iced Tea Flavours","1","716728","Cucumber & Mint Iced Green Tea *NEW*","0.00"
"531624","161150","Sweetbird Iced Tea Flavours","1","701688","Passion Fruit & Lemon Iced Tea","0.00"
"531624","161150","Sweetbird Iced Tea Flavours","1","701689","Jasmine & Lime Iced Tea","0.00"
"531624","161150","Sweetbird Iced Tea Flavours","1","701685","Original Iced Tea","0.00"
"531624","161150","Sweetbird Iced Tea Flavours","1","701684","Peach Iced Tea","0.00"
"531624","161150","Sweetbird Iced Tea Flavours","1","701683","Raspberry Iced Tea","0.00"
"531624","161150","Sweetbird Iced Tea Flavours","1","701686","Chai","0.00"
"537073","167219","Coffee Syrup Flavours","1","719454","Almond","0.00"
"537073","167219","Coffee Syrup Flavours","1","719455","Amaretto","0.00"
"537073","167219","Coffee Syrup Flavours","1","719456","Butterscotch","0.00"
"537073","167219","Coffee Syrup Flavours","1","719457","Cane Sugar","0.00"
"537073","167219","Coffee Syrup Flavours","1","719458","Caramel","0.00"
"537073","167219","Coffee Syrup Flavours","1","719459","Chilli","0.00"
"537073","167219","Coffee Syrup Flavours","1","719460","Chocolate","0.00"
"537073","167219","Coffee Syrup Flavours","1","719461","Chocolate Mint","0.00"
"537073","167219","Coffee Syrup Flavours","1","719462","Cinnamon","0.00"
"537073","167219","Coffee Syrup Flavours","1","719463","Coconut","0.00"
"537073","167219","Coffee Syrup Flavours","1","719464","Eggnog","0.00"
"537073","167219","Coffee Syrup Flavours","1","719465","English Toffee","0.00"
"537073","167219","Coffee Syrup Flavours","1","719466","French Vanilla","0.00"
"537073","167219","Coffee Syrup Flavours","1","719467","Fudge","0.00"
"537073","167219","Coffee Syrup Flavours","1","719468","Gingerbread","0.00"
"537073","167219","Coffee Syrup Flavours","1","719469","Hazelnut","0.00"
"537073","167219","Coffee Syrup Flavours","1","719470","Irish Cream","0.00"
"537073","167219","Coffee Syrup Flavours","1","719471","Mint","0.00"
"537073","167219","Coffee Syrup Flavours","1","719472","Peanut Butter","0.00"
"537073","167219","Coffee Syrup Flavours","1","719473","Pumpkin Spice","0.00"
"537073","167219","Coffee Syrup Flavours","1","719474","Salted Caramel","0.00"
"537073","167219","Coffee Syrup Flavours","1","719475","Toasted Marshmallow","0.00"
"537073","167219","Coffee Syrup Flavours","1","744059","Smores *NEW*","0.00"
"537073","167219","Coffee Syrup Flavours","1","719476","Toffee Apple","0.00"
"537073","167219","Coffee Syrup Flavours","1","719477","Vanilla","0.00"
"537073","167219","Coffee Syrup Flavours","1","719478","White Chocolate","0.00"
"537074","167220","Fruit Syrup Flavours","1","741853","Traditional Lemonade *NEW*","0.00"
"537074","167220","Fruit Syrup Flavours","1","719479","Banana","0.00"
"537074","167220","Fruit Syrup Flavours","1","729180","Eggnog","0.00"
"537074","167220","Fruit Syrup Flavours","1","729179","Chilli","0.00"
"537074","167220","Fruit Syrup Flavours","1","729181","Peanut Butter","0.00"
"537074","167220","Fruit Syrup Flavours","1","719481","Cherry","0.00"
"537074","167220","Fruit Syrup Flavours","1","719482","Coconut","0.00"
"537074","167220","Fruit Syrup Flavours","1","747430","Raspberry & Pomegranate Lemonade","0.00"
"537074","167220","Fruit Syrup Flavours","1","719485","Lime","0.00"
"537074","167220","Fruit Syrup Flavours","1","719488","Pumpkin Spice","0.00"
"537074","167220","Fruit Syrup Flavours","1","719490","Raspberry","0.00"
"537074","167220","Fruit Syrup Flavours","1","757490","Rhubarb *NEW*","0.00"
"537074","167220","Fruit Syrup Flavours","1","729182","Orange","0.00"
"537074","167220","Fruit Syrup Flavours","1","719491","Strawberry","0.00"
"537074","167220","Fruit Syrup Flavours","1","727504","Toffee Apple","0.00"
"537074","167220","Fruit Syrup Flavours","1","741457","Pink Grapefruit Lemonade","0.00"
"537075","167221","Sugar Free Syrup Flavour","1","750566","Sugar Free Gingerbread","0.00"
"537075","167221","Sugar Free Syrup Flavour","1","719492","Sugar Free Caramel","0.00"
"537075","167221","Sugar Free Syrup Flavour","1","719493","Sugar Free Hazelnut","0.00"
"537075","167221","Sugar Free Syrup Flavour","1","719494","Sugar Free Vanilla","0.00"
"537075","167221","Sugar Free Syrup Flavour","1","756290","Sugar Free Peach Iced Tea","0.00"
"531822","161246","Swirl Cup Option","1","702258","8oz BLUE Swirl Cups (500)","0.00"
"531822","161246","Swirl Cup Option","1","702260","12oz RED Swirl Cups (500)","3.00"
"531822","161246","Swirl Cup Option","1","702253","16oz PURPLE Swirl Cups (500)","8.00"
"531822","161246","Swirl Cup Option","1","702255","8oz Sip Lids - Black (1000)","5.00"
"531822","161246","Swirl Cup Option","1","702256","8oz Sip Lids - White (1000)","5.00"
"531822","161246","Swirl Cup Option","1","702257","12 / 16 / 20oz Sip Lid - Black (1000)","6.00"
"531822","161246","Swirl Cup Option","1","702251","12 / 16 / 20oz Sip Lid - White (1000)","6.00"
"531822","161246","Swirl Cup Option","1","735449","4oz Plain White Espresso Cups (500)","-1.00"
"531822","161246","Swirl Cup Option","1","735450","4oz Lids - White (500)","-7.00"
"531719","161195","Pack Size","1","702050","50 x 3 Pint - 50g Sachets","0.00"
"531855","161267","Sugar Type","1","702367","White","0.00"
"531855","161267","Sugar Type","1","702368","Brown","0.00"
"531606","174422","Twinings Decaf Option","1","750650","Twinings Decaf x 20 Tag & Envelopes","0.00"
"531606","174422","Twinings Decaf Option","1","750651","Twinings Decaf x 100 Tag Tea Bags","6.20"
"531617","161148","Twinings Earl Grey Option","1","701679","1 x 50 String Tag & Envelope Tea Bags","0.00"
"531617","161148","Twinings Earl Grey Option","1","701680","1 x 100 String & Tag Tea Bags","2.50"
"538837","168553","Twinings Everyday Option","1","724567","1 x 50 - Tag & Envelope Tea Bags","0.00"
"538837","168553","Twinings Everyday Option","1","747650","1 x 100 - String & Tag Tea Bags","2.00"
"538837","168553","Twinings Everyday Option","1","745579","1 x 1200 - Bulk Pack Standard Tea Bags","33.00"
"538837","168553","Twinings Everyday Option","1","724569","1 x 1000 - Bulk Pack Tag & Envelope Tea Bags","51.00"
"531618","161149","Pack Size","1","701681","1 x 20 String Tag & Envelope Tea Bags","0.00"
"531618","161149","Pack Size","1","701682","1 x 100 String & Tag Tea Bags","5.50"
"531608","161146","Twinings Tea Bag Options","1","701675","1 x 50 Tag & Envelope Tea Bags","0.00"
"531608","161146","Twinings Tea Bag Options","1","701676","1 x 100 String & Tag Tea Bags","2.50"
"538863","174411","Twinings Tea Chest Option","1","751203","12 Slot Tea Chest [BROWN] No Tea","2.00"
"538863","174411","Twinings Tea Chest Option","1","751211","12 Slot Tea Chest [BLACK] No Tea","0.00"
"538863","174411","Twinings Tea Chest Option","1","750619","12 Slot Tea Chest [BROWN] With 120 Tea Bags","14.00"
"538863","174411","Twinings Tea Chest Option","1","751212","12 Slot Tea Chest [BLACK] With 120 Tea Bags","14.00"
"551264","175965","Bamboo Cup Options","1","757790","Bamboo Ultimate Eco Cup - 8oz x 500","0.00"
"551264","175965","Bamboo Cup Options","1","757791","Bamboo Ultimate Eco Cup - 12oz x 500","5.00"
"551264","175965","Bamboo Cup Options","1","757792","Bamboo Ultimate Eco Cup - 16oz x 500","10.00"
"551264","175965","Bamboo Cup Options","1","757793","Ultimate Bio Lid - Black [Fits All Sizes] x 100","-45.00"
"551264","175965","Bamboo Cup Options","1","757794","Ultimate Bio Lid - Black [Fits All Sizes] x 1000","-10.00"
"531715","161192","Pack Size","1","702043","50 x 3 Pint - 50g Sachets","0.00"
"531715","161192","Pack Size","1","702044","6 x 1 Kilo Bags","22.51"
"539449","168752","Dispenser Napkin Option","1","725721","1 x 3000 White Dispenser Napkins","0.00"
"539449","168752","Dispenser Napkin Option","1","725722","1 x Stainless Steel Napkin Dispenser","0.00"
"537265","167361","Festive Cup Option","1","730770","8oz Double Wall - Green XMAS Cups - 100","0.00"
"537265","167361","Festive Cup Option","1","720572","8oz Double Wall - Green XMAS Cups - 500","47.00"
"537265","167361","Festive Cup Option","1","730771","12oz Double Wall - Red XMAS Cups - 100","2.00"
"537265","167361","Festive Cup Option","1","720573","12oz Double Wall - Red XMAS Cups - 500","52.00"
"537265","167361","Festive Cup Option","1","720574","8oz White Lids - 100","-8.50"
"537265","167361","Festive Cup Option","1","730922","8oz White Lids - 1000","24.00"
"537265","167361","Festive Cup Option","1","720575","12 / 16 oz White Lids - 100","-8.00"
"537265","167361","Festive Cup Option","1","730923","12 / 16 oz White Lids - 1000","26.00"
"531688","161180","Zuma Chocolate Option","1","701999","Zuma ORIGINAL Chocolate TIN (2 KG)","0.00"
"531688","161180","Zuma Chocolate Option","1","702001","Zuma DARK FairTrade Chocolate TIN (2 KG)","3.00"
"531688","161180","Zuma Chocolate Option","1","702004","Zuma WHITE Chocolate TIN (2 KG)","5.00"
"531688","161180","Zuma Chocolate Option","1","702003","Zuma Portion Scoop - Red","-12.74"
"546760","173552","Zuma Sauce Option","1","747190","Zuma Dark Chocolate Sauce 1.9 Ltr","0.00"
"546760","173552","Zuma Sauce Option","1","747192","Zuma Caramel Toffee Sauce 1.9 Ltr","0.00"
"546760","173552","Zuma Sauce Option","1","747193","Zuma Sauce Pump","-8.00"
